time_elapsed,population_size,average_fitness
0,164,0.7625031287633168
1,138,0.7870236253761534
2,236,0.8153292032767535
3,200,0.8485625533922699
4,187,0.8624392681617826
5,152,0.9142820826663213
6,126,0.9639262434315209
7,111,1.0171947841246183
8,198,1.072195268581434
9,177,1.1267868120034894
10,154,1.168191995686642
11,133,1.2225331184000061
12,99,1.2997439491323026
13,81,1.3337451670735503
14,69,1.4118483199061005
15,124,1.4510997102978431
16,121,1.4520366157112985
17,115,1.4897020159813177
18,168,1.5267354439069196
19,154,1.533924423237605
20,143,1.5617576109036928
21,139,1.5699449876514975
22,136,1.5726160598618244
23,268,1.580183991273082
24,268,1.580183991273082
25,241,1.5874548199654614
26,226,1.5932674877087651
27,219,1.5952138494681445
28,176,1.590567908672203
29,155,1.593688270959415
30,286,1.5996635959002883
31,281,1.5991758971548726
32,280,1.5983983189517623
33,213,1.6041703860298178
34,179,1.603695945610911
35,326,1.6031115674543055
36,317,1.6003971163194952
37,314,1.6009669725095688
38,311,1.6011672341195708
39,309,1.601162798463653
40,474,1.6056142337401076
41,438,1.604341589814682
42,420,1.6041706859396674
43,410,1.605654560047947
44,405,1.604747237153113
45,322,1.6004644113238142
46,280,1.603179848339227
47,518,1.6077057698996244
48,507,1.607265125414999
49,501,1.607071122687739
50,380,1.6092966583521475
51,320,1.6098023155180443
52,578,1.6090669203002896
53,563,1.6101763265456042
54,555,1.609561667686133
55,551,1.6089910812093968
56,549,1.608194737973043
57,419,1.6111856620880112
58,708,1.6092277227589062
59,676,1.6094005494866381
60,661,1.611576167515049
61,653,1.609845072644162
62,504,1.6097536435934159
63,430,1.6078691285444082
64,392,1.6082886559437932
65,746,1.607922834191478
66,737,1.6064324190736783
67,732,1.6073953178426161
68,553,1.6072434385479677
69,464,1.611074746917297
70,838,1.606908429102756
71,815,1.6057203509927644
72,803,1.6059207030728813
73,797,1.606705241930653
74,794,1.6071924918778981
75,607,1.6090979859189378
76,513,1.6067791467442138
77,932,1.6108069239400664
78,909,1.609056124523654
79,898,1.6082758613035772
80,683,1.6098474831149618
81,575,1.6131001164917453
82,521,1.610723957046032
83,988,1.60872874040646
84,974,1.6084815805244626
85,967,1.6094539993245076
86,964,1.609615550615209
87,729,1.6081997738715843
88,612,1.6077464514889803
89,1108,1.6075289989874137
90,1078,1.6096579217709124
91,1064,1.608874067959798
92,1056,1.6085552138444363
93,805,1.6104381430813672
94,680,1.6089659948664405
95,617,1.611457960143236
96,586,1.6109511942034411
97,1142,1.610383508662212
98,1134,1.6103648264119743
99,853,1.6153994572316521
100,713,1.6119092876697287
101,643,1.6082650820604605
102,608,1.613390314898943
103,590,1.6129201601472636
104,581,1.6121742589776686
105,576,1.6122992635970868
106,574,1.6118724233948882
107,288,1.6271413860552684
108,288,1.6167513249601977
109,217,1.6084771718492756
110,181,1.6004115233201885
111,163,1.604750959772198
112,154,1.6107843894495277
113,149,1.6123471081871061
114,146,1.6125327497584736
115,145,1.6146274905482958
116,288,1.6167513249601977
117,288,1.6167513249601977
118,217,1.6079192003383862
119,181,1.624001650581571
120,163,1.6242144883524885
121,154,1.622060464809062
122,149,1.6228754560167244
123,147,1.6213526404301755
124,146,1.6188101751752242
125,290,1.6177878495512104
126,218,1.608649146165536
127,183,1.6255649920031605
128,165,1.6200646673942325
129,157,1.6239675212851425
130,152,1.6241698122117427
131,150,1.6199542112000787
132,149,1.6209132848618035
133,296,1.620813380789842
134,295,1.6203176722818176
135,223,1.6122006763110848
136,186,1.6042400153568612
137,168,1.6088604974898237
138,158,1.6139740868353953
139,153,1.6156001886578035
140,151,1.6176491285961743
141,149,1.6187192999471884
142,296,1.620813380789842
143,222,1.6301235929908793
144,186,1.6301601165949529
145,167,1.6289526374464265
146,158,1.6230367639059526
147,153,1.623011314553165
148,151,1.6227569014348382
149,150,1.6242665354347128
150,298,1.6217948170976753
151,298,1.6217948170976753
152,225,1.6319492436264278
153,188,1.631616364191358
154,171,1.6264518196060394
155,162,1.6290799800151528
156,158,1.6321432148710728
157,155,1.628198657479736
158,153,1.6255922700011896
159,304,1.6246616442073993
160,230,1.6348861598662237
161,194,1.6358049526387495
162,174,1.634508173495128
163,164,1.6283054453724548
164,159,1.6284466381797265
165,157,1.6282711876471516
166,155,1.6288723694741425
167,308,1.6265108097457062
168,307,1.6260530358665162
169,231,1.6354582864064433
170,194,1.6358049526387495
171,175,1.6352655404503387
172,165,1.6291463056469067
173,160,1.6293128928827094
174,158,1.629149518045948
175,156,1.6297581067894176
176,310,1.6276150197088197
177,233,1.6191092560115226
178,196,1.6128589218861684
179,176,1.6233645765244042
180,166,1.6242040672769735
181,161,1.6286676269647888
182,159,1.6262838028355382
183,158,1.6282932235165597
184,314,1.6295862343920533
185,313,1.6291470613688426
186,236,1.6212492828364342
187,197,1.6359304006726865
188,177,1.6358579491378333
189,167,1.6337135304543677
190,162,1.6348227836529379
191,159,1.6327335770934768
192,158,1.6304562417101887
193,314,1.6295862343920533
194,236,1.638505648474221
195,198,1.6331208672229873
196,178,1.6297519323245198
197,168,1.632633317816524
198,163,1.6305090715851245
199,160,1.6300563045872754
200,159,1.6320768138284896
201,316,1.6306068985163376
202,316,1.6306068985163376
203,239,1.6403183379189583
204,200,1.6346981702110468
205,179,1.630784910028857
206,169,1.6337103688436503
207,164,1.6316319122547327
208,161,1.6312028799712106
209,160,1.6332179271258167
210,318,1.6318697350708706
211,239,1.6406576412215368
212,201,1.6357600742397145
213,181,1.6370387688321966
214,171,1.6332997668741602
215,165,1.6346869079222577
216,162,1.6339057104648183
217,161,1.631678090233836
218,320,1.632968012572397
219,320,1.632968012572397
220,242,1.6425595533604735
221,202,1.636410011449701
222,183,1.6384596280871127
223,173,1.6348459821780084
224,167,1.636272063404111
225,164,1.6355293894915524
226,163,1.6333390632451632
227,324,1.6347315357647962
228,244,1.6437236503956862
229,205,1.6384928218868757
230,185,1.6400393012067809
231,175,1.6365572211434758
232,169,1.6380271797147894
233,166,1.6373251726501652
234,164,1.6343681628147404
235,326,1.6358454250796666
236,326,1.6358454250796666
237,246,1.6451266735151413
238,206,1.6395950101181056
239,187,1.6419243941787791
240,176,1.637858280100162
241,170,1.6393655115842334
242,167,1.6384817859607717
243,166,1.6363488294445536
244,330,1.6378389574378183
245,249,1.6471299665565322
246,209,1.642061110393213
247,189,1.643952456659399
248,178,1.6397009982581954
249,172,1.6412549846607551
250,169,1.6404152582708822
251,167,1.6375483753860425
252,332,1.6388270371891875
253,332,1.6388270371891875
254,251,1.6480854838800418
255,210,1.642656283156374
256,188,1.6386337272248632
257,177,1.6411448969888631
258,172,1.639379232803651
259,169,1.6391080361409274
260,168,1.641074183170134
261,334,1.6395948237368991
262,251,1.6480854838800418
263,211,1.643245814471543
264,190,1.6446003247330703
265,181,1.6461531179817732
266,175,1.6415803892533078
267,172,1.6413128816439195
268,170,1.6418439866825503
269,338,1.6411031381383205
270,338,1.6411031381383205
271,256,1.6504089586217796
272,214,1.6449813505862925
273,193,1.6419605060702558
274,182,1.6446037567050207
275,176,1.6422807818457728
276,173,1.6420661715054612
277,171,1.6432842394418337
278,340,1.6418439866825483
279,256,1.6504089586217796
280,215,1.6455490996098772
281,193,1.6419605060702556
282,182,1.6446037567050211
283,176,1.6422807818457728
284,173,1.6420661715054612
285,172,1.644003792646573
286,342,1.6425761703315216
287,342,1.6425761703315216
288,258,1.6513131325135255
289,216,1.6461115916980584
290,196,1.648348704302171
291,184,1.6438535980103308
292,178,1.6454951781213034
293,175,1.6447569313812638
294,174,1.6427581058854495
295,346,1.644015143976903
296,261,1.6526434113427613
297,219,1.6477682464783177
298,198,1.6495476809320178
299,188,1.6506545004750002
300,181,1.6457395163716628
301,178,1.6455511235207654
302,176,1.646112284545316
303,350,1.6454212267961044
304,350,1.6454212267961044
305,265,1.6543702638607125
306,222,1.6493801268050572
307,201,1.6513014079428385
308,189,1.6471126930538937
309,183,1.6488162768244647
310,180,1.648153888583368
311,179,1.6462298736164986
312,356,1.6474711059622993
313,268,1.6556315749815669
314,224,1.655342548239403
315,201,1.654093316022756
316,190,1.649175684120248
317,184,1.6492242120743694
318,181,1.6486506553649354
319,180,1.6500525378866646
320,358,1.648139129899141
321,357,1.6478060535384746
322,268,1.6402029972765773
323,223,1.633133107722469
324,201,1.6427123039435831
325,190,1.643809660008871
326,184,1.64757826513251
327,181,1.6450330944930633
328,180,1.6469010820445016
329,358,1.648139129899141
330,269,1.6560457601699516
331,225,1.6558390142057036
332,203,1.6552061640487097
333,193,1.6510078868125293
334,187,1.6511144234954813
335,184,1.6500135077928877
336,182,1.6507644298998936
337,362,1.6494530333329296
338,362,1.6494530333329296
339,274,1.658071337368621
340,229,1.6577815185978664
341,208,1.6578946550729476
342,196,1.652784001667292
343,190,1.6512540324547094
344,186,1.6499147962053615
345,184,1.6506564831635138
346,366,1.6507512011869878
347,276,1.6588782363246566
348,232,1.6592149221386703
349,209,1.6584396538331059
350,197,1.6574637793378748
351,190,1.6525465232621734
352,187,1.65253718782051
353,185,1.6506447541797749
354,368,1.6513961587528276
355,368,1.6513961587528276
356,278,1.6596735252237704
357,232,1.65921492213867
358,210,1.6589568335322673
359,198,1.6580172319202944
360,192,1.6537392406308697
361,189,1.6537489359986741
362,188,1.6525022430597307
363,374,1.6532515261095793
364,281,1.6608198654241255
365,235,1.6559298222971996
366,212,1.6532159533236823
367,200,1.6556474437871451
368,193,1.6532952085560322
369,190,1.6532737121942263
370,188,1.6545008648458073
371,374,1.6532515261095793
372,374,1.6532515261095793
373,282,1.6465170877468447
374,235,1.6399915051714202
375,213,1.6497394074452272
376,201,1.653335896743469
377,195,1.6537585015637983
378,192,1.6554365869455248
379,190,1.655685565117504
380,378,1.6544557151524093
381,285,1.6477858277774782
382,239,1.6421179635059076
383,216,1.6513686849898355
384,203,1.6544562070283317
385,197,1.6549086425698207
386,193,1.6560148812652733
387,191,1.6562686113245173
388,380,1.655048302918223
389,380,1.655048302918223
390,287,1.6486169188079975
391,240,1.6426385027857038
392,217,1.6519017665827715
393,204,1.6550081245951387
394,198,1.6554749998833924
395,195,1.6571536762333938
396,193,1.6574165779497245
397,384,1.6562149600821687
398,289,1.6494365068484753
399,243,1.6441744149816457
400,219,1.6529533247934955
401,207,1.6566318820742962
402,200,1.6565907237911288
403,196,1.6577143584498408
404,194,1.6579816852317208
405,386,1.656789221380484
406,386,1.656789221380484
407,291,1.6502448290739635
408,243,1.6441744149816457
409,220,1.653471934183784
410,208,1.6571627258655597
411,202,1.6576843541561375
412,198,1.6588187325125394
413,196,1.6590946005932032
414,390,1.6579200743987048
415,294,1.65143669194726
416,247,1.6461642607415707
417,222,1.6544951364943539
418,209,1.6576884898119302
419,203,1.6582230883260924
420,200,1.6599010190939842
421,198,1.6601850328160699
422,394,1.6590279659343221
423,393,1.6587531073472415
424,296,1.6522178453169205
425,247,1.6641678805277684
426,222,1.6599658168433766
427,209,1.65667209631565
428,203,1.6581666071899144
429,200,1.6575799448255741
430,198,1.6587886173698163
431,394,1.6590279659343221
432,296,1.6662030170406574
433,248,1.6617545335418675
434,223,1.658830956958959
435,210,1.656894523937668
436,204,1.6600150679818588
437,201,1.6610304489270975
438,199,1.659332631305933
439,396,1.6595735185844367
440,396,1.6595735185844367
441,299,1.6672148334983465
442,250,1.6625968763987886
443,226,1.660267458291234
444,213,1.6624465015773249
445,206,1.662165619303353
446,203,1.6602409747278803
447,201,1.659831698465626
448,400,1.6606482573051622
449,301,1.6678781727485703
450,253,1.6638354200461194
451,228,1.6612041243646183
452,217,1.664374628564969
453,209,1.6636710992749364
454,205,1.661282988541823
455,203,1.660888010703965
456,404,1.6617017140710217
457,404,1.6617017140710217
458,305,1.6691787526555661
459,255,1.6646449256979696
460,231,1.6625787122385456
461,219,1.66531227936033
462,211,1.6646509693354299
463,208,1.6628084366492537
464,206,1.6624340210916306
465,410,1.6632433581186215
466,308,1.670132018610126
467,258,1.6658356520347026
468,232,1.6667879487593409
469,219,1.6635638023387456
470,212,1.6650118160057514
471,208,1.6641816292725555
472,206,1.6620882472348617
473,410,1.6633488595004988
474,410,1.6633488595004988
475,309,1.6571888474398688
476,258,1.6687218734657197
477,233,1.6652068163220026
478,220,1.6623874772443987
479,213,1.6628116696367132
480,210,1.6627742930637153
481,208,1.6633600791224157
482,414,1.6644552597207787
483,312,1.658245179586188
484,262,1.670223026399938
485,236,1.6665013998940574
486,224,1.6642564042696242
487,217,1.6653905082733664
488,213,1.6663625034207066
489,211,1.6648343063006326
490,420,1.6659208615912964
491,419,1.6656795094932875
492,316,1.6596224227642995
493,264,1.6541122485261632
494,237,1.6568866152612158
495,224,1.6615724480138336
496,217,1.6624514884539092
497,214,1.6648589647997825
498,212,1.6655069837756264
499,422,1.6664001342408965
500,316,1.6728593417415019
501,263,1.6680887692447828
502,237,1.6690856397975609
503,224,1.666066809071608
504,217,1.667562200521079
505,214,1.6672678448560905
506,212,1.6652628247211951
507,422,1.6664001342408965
508,422,1.6664001342408965
509,318,1.6602980514931849
510,265,1.6545384188738268
511,240,1.658263624953663
512,227,1.6629663899870917
513,221,1.6643446269553228
514,217,1.6653627881297037
515,215,1.666548289759323
516,428,1.6678110770878511
517,323,1.6619505180437089
518,271,1.6570293924188422
519,245,1.6604837018047527
520,232,1.66520951500153
521,225,1.6661704538655755
522,221,1.6672032334243152
523,218,1.6679313049092914
524,434,1.6691830076901901
525,434,1.6691830076901901
526,326,1.6629176671781871
527,274,1.6582339690418877
528,247,1.6660621888046228
529,233,1.6691385721589336
530,225,1.669055933738759
531,221,1.6702780750640895
532,219,1.6706296222280768
533,436,1.6696319268781112
534,328,1.6763052459701189
535,275,1.6724069636336805
536,248,1.67343071745665
537,235,1.67079355969901
538,227,1.6689507601749285
539,223,1.6709021973433436
540,221,1.6709543087393657
541,440,1.6705175220033741
542,440,1.6705175220033741
543,332,1.677398524821768
544,278,1.6734282632058746
545,252,1.6749166963963382
546,238,1.6720068432825146
547,230,1.6702302814420862
548,226,1.672178460971401
549,224,1.6722412696579056
550,446,1.6718161301018533
551,335,1.6782013504859643
552,280,1.677854972336707
553,252,1.6771435754600819
554,238,1.6765233744246588
555,230,1.6726477852724488
556,227,1.6729057502876015
557,225,1.6715308031827047
558,448,1.6722412696579028
559,447,1.6720291754274799
560,336,1.6660167660912482
561,281,1.6767698695347582
562,253,1.6732574546093553
563,239,1.6752472066692201
564,232,1.6756935268407198
565,228,1.672265342362034
566,226,1.6727097275764762
567,450,1.6726626301956766
568,338,1.6789899248070095
569,283,1.6788004750044137
570,255,1.678201267403575
571,242,1.6780196391557722
572,235,1.6773904641521165
573,231,1.6770666081903116
574,229,1.6752960110639823
575,228,1.6739045349385917
576,456,1.6739045349385886
577,343,1.668078615572182
578,286,1.6783481478760565
579,258,1.6750750890288837
580,244,1.6771283579804457
581,236,1.6772418974138776
582,232,1.673899515608499
583,230,1.6743503825865724
584,458,1.6745048008440437
585,457,1.6743023006475164
586,343,1.668337029779942
587,286,1.6786580642161322
588,257,1.6750621075955507
589,243,1.6771230783120712
590,236,1.6776174739954945
591,232,1.6742815676484197
592,230,1.674735756818145
593,458,1.674698329388283
594,344,1.6807834738429446
595,288,1.6769866914967533
596,259,1.6745488674590796
597,246,1.673550600530058
598,239,1.6762411053603603
599,235,1.6748213329184733
600,233,1.6751907549983958
601,232,1.6758924982840024
602,462,1.6754978883603069
603,348,1.6817750131166695
604,292,1.678220399704428
605,262,1.678771440731714
606,247,1.679010063899532
607,240,1.6761303839881463
608,236,1.6759893741098444
609,234,1.6766715999282162
610,466,1.6762837209980466
611,466,1.6762837209980466
612,350,1.6822622838454715
613,292,1.6818239623815885
614,262,1.677482311532596
615,247,1.6788897849693114
616,240,1.674952797777743
617,236,1.6747605810799548
618,234,1.675432304393798
619,466,1.6764690168732639
620,350,1.6708111911435204
621,293,1.6813669694591322
622,264,1.6778281866079812
623,250,1.6799863505691348
624,243,1.6805489854954205
625,239,1.6806650620092645
626,237,1.6794252119031103
627,236,1.677803377298169
628,470,1.677423615539192
629,354,1.6718986058272887
630,297,1.6825209145257705
631,267,1.682357949852812
632,252,1.6811017390710261
633,244,1.6776239504987878
634,240,1.6790125509906766
635,238,1.6779003419461629
636,474,1.6781799343165582
637,473,1.6779920538591784
638,356,1.6724331495622868
639,297,1.6672497692043824
640,267,1.6699196010776465
641,252,1.673621582048208
642,244,1.6765730166790471
643,240,1.6767395927929314
644,238,1.6771173737356664
645,474,1.6781799343165582
646,356,1.68417634675719
647,298,1.6841193862921762
648,268,1.6798096934452742
649,254,1.6816592775585446
650,246,1.6827635960776446
651,242,1.6805163686122853
652,240,1.6792907775208166
653,478,1.6789628554028
654,478,1.6789628554028
655,361,1.6853761297858905
656,302,1.68527991103165
657,273,1.6814761950567043
658,258,1.6830558624665122
659,251,1.6794075979904322
660,247,1.679296084064006
661,244,1.6794056792905425
662,243,1.6804514207029988
663,246,1.698577975845724
664,186,1.7022413169152855
665,156,1.7045180286713508
666,140,1.69895607931334
667,132,1.6978208951678715
668,128,1.697330031952823
669,125,1.6986227000575493
670,248,1.6991301485458155
671,248,1.6991301485458155
672,247,1.698855179954272
673,372,1.7022413169152824
674,341,1.7002584845457298
675,325,1.6988418833847514
676,317,1.6997825670086115
677,313,1.7002069007742684
678,311,1.700276770422917
679,310,1.700996849567497
680,248,1.6991301485458135
681,434,1.7025775101917837
682,419,1.7035704241878504
683,319,1.6990013821935015
684,269,1.7012302864605862
685,245,1.6987457143167102
686,232,1.701822590048971
687,226,1.7039269998231463
688,223,1.703814005022251
689,221,1.7039449718513264
690,440,1.7036581426749327
691,332,1.7085555401540902
692,279,1.7093995001699995
693,251,1.7076920975530387
694,238,1.7062566088380569
695,231,1.7049959755313313
696,229,1.7055660988835935
697,226,1.704214224134995
698,224,1.7047900935317597
699,446,1.7045109128271578
700,336,1.7092518717076965
701,282,1.7100127756007124
702,255,1.7086231609742777
703,241,1.707397568863474
704,233,1.7076637808859483
705,229,1.7056417738288294
706,226,1.7063388535815232
707,450,1.7050667926300902
708,449,1.7049287512090945
709,338,1.7095938570269231
710,283,1.7102143113429609
711,255,1.7077092830772644
712,240,1.7082052049276404
713,233,1.7063883594912834
714,229,1.7055152292235456
715,227,1.7039796807659995
716,452,1.7053410430638376
717,340,1.7011132456534803
718,285,1.7025056076048075
719,257,1.70114187428144
720,243,1.7047751530394586
721,235,1.7040151354711897
722,231,1.7040260967576661
723,229,1.7049680805427956
724,456,1.705882326814655
725,456,1.705882326814655
726,344,1.7018799217581726
727,288,1.7031779178449347
728,261,1.7021519205094182
729,246,1.7055345705713802
730,240,1.7076090226217884
731,235,1.7070429438631753
732,233,1.7071948818327352
733,232,1.7069368968809064
734,234,1.6946373501002288
735,177,1.694048812357776
736,148,1.6999618149374243
737,134,1.6998302052005916
738,126,1.6966200056698129
739,122,1.6965283492776009
740,120,1.6953530319212773
741,236,1.6952509945117271
742,235,1.6949454779323851
743,235,1.6949454779323851
744,354,1.6940761665402237
745,325,1.6920470125770533
746,310,1.6922454432667609
747,302,1.6934470556900976
748,298,1.693996890306054
749,296,1.6943636473236805
750,590,1.6945625102382929
751,531,1.6948867393703406
752,503,1.69552823718315
753,488,1.6939281604776315
754,394,1.6923114385279059
755,346,1.6931698124460424
756,321,1.6940364737687201
757,309,1.694830892823321
758,606,1.6948354862391553
759,603,1.6953007127761948
760,454,1.6936232022084832
761,379,1.6963011965084958
762,343,1.6948470486709064
763,324,1.6954286150397273
764,314,1.6920745660571774
765,309,1.6925641515157517
766,306,1.6939933334548656
767,305,1.6944220316448528
768,306,1.6892059310786418
769,230,1.6849304946252583
770,193,1.6853297722440204
771,174,1.6900981965116322
772,164,1.6878635532176314
773,159,1.6910183223827924
774,157,1.690049799220063
775,156,1.68955622491598
776,310,1.688275121795948
777,309,1.6880201953595044
778,233,1.6834130438619388
779,194,1.6849597405384105
780,175,1.6836567686205648
781,165,1.6841587544153727
782,160,1.6843907743716282
783,157,1.6869172170094495
784,156,1.6864035620501703
785,310,1.688275121795948
786,233,1.6920085104349727
787,195,1.6896411756001475
788,175,1.688362043944452
789,165,1.6929869654524896
790,160,1.6899158283032052
791,158,1.6889394794126507
792,157,1.6884419767932597
793,312,1.6890501763215484
794,312,1.6890501763215484
795,236,1.6933194812609524
796,197,1.6908548045563851
797,179,1.6919093713241098
798,169,1.6854693487343058
799,165,1.6866804630495043
800,162,1.6881201771385463
801,160,1.6891985225657922
802,318,1.6907868296557558
803,240,1.6945482797508873
804,202,1.6927407596578858
805,182,1.6918514390062829
806,172,1.6964910087704945
807,166,1.693211381606747
808,164,1.6923109424719875
809,163,1.6918524366549015
810,322,1.6917341658172618
811,321,1.691499545179132
812,242,1.695147445956723
813,203,1.693106802175123
814,183,1.6922623458459043
815,172,1.6964910087704945
816,167,1.693653513397467
817,164,1.6923109424719875
818,163,1.6918524366549015
819,324,1.69219906226689
820,244,1.6892748456564863
821,205,1.6914426356611576
822,185,1.6904672311569064
823,174,1.692092430451801
824,168,1.69562121579959
825,165,1.6942937580428554
826,164,1.6938501383317934
827,326,1.6926582544656026
828,326,1.6926582544656026
829,246,1.6899071427703118
830,206,1.691809649034924
831,187,1.691286270295945
832,176,1.692944191363224
833,170,1.6964615237390892
834,167,1.6951650590322465
835,166,1.6947320329381215
836,330,1.6935599409648923
837,249,1.6908365433472603
838,209,1.692889616618016
839,189,1.692087975273311
840,178,1.693776811580008
841,172,1.6972822896334832
842,169,1.696015737513013
843,167,1.6951650590322465
844,332,1.6940026364449654
845,332,1.6940026364449654
846,251,1.6914438010947483
847,210,1.6932427488753445
848,188,1.6954672073281327
849,177,1.6963612969832078
850,172,1.6957870563410586
851,169,1.6945220799922547
852,168,1.6940903817144881
853,334,1.6944400301827618
854,251,1.6914438010947483
855,211,1.6935925339074853
856,190,1.6924824985121725
857,181,1.6938396799884377
858,175,1.6951788445232523
859,172,1.6953768104124334
860,170,1.69654396167187
861,338,1.695299288886599
862,338,1.695299288886599
863,256,1.6929204337033863
864,214,1.6946222748899553
865,193,1.6973216162226634
866,182,1.6983032226335866
867,176,1.6974066093936935
868,173,1.6961989657879715
869,171,1.6953703292397957
870,340,1.695721336544072
871,256,1.6929204337033863
872,215,1.694959135893523
873,193,1.6973216162226634
874,182,1.6983032226335866
875,176,1.697406609393694
876,173,1.6961989657879715
877,172,1.6957870563410586
878,342,1.6961384479716328
879,342,1.6961384479716328
880,258,1.6934950612766702
881,216,1.6952928778137244
882,196,1.6947650972513002
883,184,1.6961660695933887
884,178,1.6996339222522543
885,175,1.6984511084779501
886,174,1.698056876971174
887,346,1.6969582045344698
888,261,1.6943404903500077
889,219,1.6962758163458245
890,198,1.6954952214271155
891,188,1.6965654990026933
892,181,1.6975612272680178
893,178,1.6977926726678687
894,176,1.69894748766
895,350,1.6977592238044414
896,350,1.6977592238044414
897,265,1.6954379529961512
898,222,1.6972321889716513
899,201,1.6965631642514423
900,189,1.6980412368172941
901,183,1.7014758202960998
902,180,1.7003565607607019
903,179,1.6999839862920074
904,356,1.698927001897462
905,268,1.6962395511789221
906,224,1.6973913397410432
907,201,1.7008539214678042
908,190,1.6991427755738895
909,184,1.7018063614106214
910,181,1.7007250183844385
911,180,1.7003565607607019
912,358,1.6993075627285212
913,357,1.6991178153113542
914,268,1.7021228137261546
915,223,1.6997382450882974
916,201,1.6989595140379439
917,190,1.7031752975807963
918,184,1.7004344694486204
919,181,1.6993303878816308
920,180,1.6989541823106564
921,358,1.6994046854979743
922,269,1.696632033673131
923,225,1.697855455307177
924,203,1.7016773544226942
925,193,1.7003784429143745
926,187,1.7030389445079657
927,184,1.7013372860497584
928,182,1.7006151969881405
929,362,1.7002481682938317
930,362,1.7002481682938317
931,274,1.698043883075991
932,229,1.6990640480643795
933,208,1.703248749524481
934,196,1.701398885992068
935,190,1.6986885131191591
936,186,1.6986473300259262
937,184,1.6997612254244656
938,366,1.7009782144398775
939,276,1.6985439084932448
940,232,1.699943143011698
941,209,1.7035540061806174
942,197,1.7036277475657817
943,190,1.7027210351260655
944,187,1.7023914588509443
945,185,1.7016924758043925
946,368,1.701337286049753
947,368,1.701337286049753
948,278,1.6990367393001782
949,232,1.699943143011698
950,210,1.703856355630505
951,198,1.7039480487935152
952,192,1.7033911013295129
953,189,1.7030756486055059
954,188,1.702735373381828
955,374,1.7023914588509392
956,281,1.6997628316634186
957,235,1.701390220992239
958,212,1.7038986427188005
959,200,1.7046640475130166
960,193,1.7037209266628164
961,190,1.7027210351260655
962,188,1.7020367121948856
963,374,1.7023914588509392
964,374,1.7023914588509392
965,282,1.7054693173733042
966,235,1.7033232650810155
967,213,1.7029586899576297
968,201,1.6991835858625515
969,195,1.7012068447174666
970,192,1.7040752070750607
971,190,1.7034123419847247
972,378,1.7030756486055008
973,285,1.7061175076183959
974,239,1.704389777642957
975,216,1.7038488108006768
976,203,1.6998521947767826
977,197,1.7018752766559393
978,193,1.7044014878190086
979,191,1.7037455097788203
980,380,1.7034123419847191
981,380,1.7034123419847191
982,287,1.7065421061064698
983,240,1.7046508510305156
984,217,1.7041400484958673
985,204,1.7001815829918818
986,198,1.7022044287468538
987,195,1.7050440098993984
988,193,1.7044014878190088
989,384,1.7040752070750556
990,289,1.706960827798861
991,243,1.7054211786802254
992,219,1.7047145447713115
993,207,1.7011506526681883
994,200,1.7028528583659552
995,196,1.705360353678774
996,194,1.7047244048439472
997,386,1.704401487819004
998,386,1.704401487819004
999,291,1.7073737938666147
1000,243,1.7054211786802256
1001,220,1.7049978758889737
1002,208,1.701467463908519
1003,202,1.7034884477945798
1004,198,1.7059834550623925
1005,196,1.7053603536787743
1006,390,1.7050440098993935
1007,294,1.707982708119578
1008,247,1.7064191740158818
1009,222,1.7055568805265235
1010,209,1.7017812434623396
1011,203,1.7038015460352813
1012,200,1.7065940944183386
1013,198,1.7059834550623925
1014,394,1.7056734858461713
1015,393,1.7055173181494516
1016,296,1.7083817938123986
1017,247,1.7084218586595172
1018,222,1.7075645624747153
1019,209,1.710513521911146
1020,203,1.7064004137877262
1021,200,1.7071994935076538
1022,198,1.7065949692940239
1023,394,1.7057762444504831
1024,296,1.7033093021870767
1025,248,1.7049951810557105
1026,223,1.7071951589404115
1027,210,1.7053281606963566
1028,204,1.70721610243088
1029,201,1.7070962844001178
1030,199,1.706493760719144
1031,396,1.7061879343053115
1032,396,1.7061879343053115
1033,299,1.7040842224396144
1034,250,1.705491598732521
1035,226,1.7079896575915168
1036,213,1.7086615608978564
1037,206,1.7073151895135406
1038,203,1.7064324476247206
1039,201,1.7058293138632055
1040,400,1.7067965288688285
1041,301,1.704502582361325
1042,253,1.7062215093087008
1043,228,1.7085077078815651
1044,217,1.7097377973911128
1045,209,1.7081725895299542
1046,205,1.7070238129225965
1047,203,1.7064324476247208
1048,404,1.70739307205485
1049,404,1.70739307205485
1050,305,1.705322842142252
1051,255,1.7066985750447659
1052,231,1.7092679635020254
1053,219,1.7102611726720798
1054,211,1.7087306445169403
1055,208,1.7078895376014585
1056,206,1.7073151895135406
1057,410,1.7084422580052763
1058,308,1.7061586017968169
1059,258,1.707680306730419
1060,232,1.7066170788557427
1061,219,1.7081676376612056
1062,212,1.711141257607852
1063,208,1.710043293485325
1064,206,1.7094898556487066
1065,410,1.708618453927378
1066,410,1.708618453927378
1067,309,1.7114485261916947
1068,258,1.7115791903785218
1069,233,1.710856572466844
1070,220,1.7138526117946244
1071,213,1.7131404690936554
1072,210,1.712203398776089
1073,208,1.7105918931955224
1074,414,1.7091829847170363
1075,312,1.7119831306577074
1076,262,1.7124260331308652
1077,236,1.7115708625285833
1078,224,1.7148025185600246
1079,217,1.710832602240863
1080,213,1.709208475613973
1081,211,1.7102799402798845
1082,420,1.7100096190876073
1083,419,1.7098734907545063
1084,316,1.712680146607066
1085,264,1.710808051727062
1086,237,1.710984304259237
1087,224,1.7150788709908242
1088,217,1.7128887415667913
1089,214,1.7121295081683303
1090,212,1.711611414937305
1091,422,1.7102799402798794
1092,316,1.707700090122392
1093,263,1.7088089585160957
1094,237,1.707891979948596
1095,224,1.7094819178620049
1096,217,1.7124294173555286
1097,214,1.711641539200419
1098,212,1.7111188424885644
1099,422,1.7104415521173517
1100,422,1.7104415521173517
1101,318,1.7132365449828941
1102,265,1.7112776348755276
1103,240,1.7119692603200984
1104,227,1.7160661210102603
1105,221,1.7141775867784397
1106,217,1.7121638338175627
1107,215,1.711653289102777
1108,428,1.7113944381609298
1109,323,1.7142806763258789
1110,271,1.7125123896160772
1111,245,1.7130933037963616
1112,232,1.7171648552698886
1113,225,1.7151174944029481
1114,221,1.713157201362168
1115,218,1.712415593252606
1116,434,1.7121638338175575
1117,434,1.7121638338175575
1118,326,1.714766259586595
1119,274,1.7131094881676203
1120,247,1.712513116019788
1121,233,1.7092804492402212
1122,225,1.71078970601418
1123,221,1.713157201362168
1124,219,1.7126650535147265
1125,436,1.7126110693209162
1126,328,1.7103391003895092
1127,275,1.7119081910502412
1128,248,1.7111344689767878
1129,235,1.7128293559979373
1130,227,1.7103642630445242
1131,223,1.7116916600087875
1132,221,1.7126856791676102
1133,440,1.7133965495586854
1134,440,1.7133965495586854
1135,332,1.7112051638298067
1136,278,1.712721563352144
1137,252,1.712191175882381
1138,238,1.713691929768802
1139,230,1.711288992767681
1140,226,1.7126151363160145
1141,224,1.7136040880424175
1142,446,1.7142139116664852
1143,335,1.7117052434730353
1144,280,1.7126941580471344
1145,252,1.7157742278291572
1146,238,1.715850431597668
1147,230,1.7152508075351363
1148,227,1.71514489808042
1149,225,1.7146835425908504
1150,448,1.7144497754119783
1151,447,1.7143321073689246
1152,336,1.7170295985795478
1153,281,1.7172114803073293
1154,253,1.7160734996545546
1155,239,1.7119366161655045
1156,232,1.7142882619056796
1157,228,1.715372540591721
1158,226,1.714915241033621
1159,450,1.7148102231014444
1160,338,1.712365103447359
1161,283,1.7134717761658598
1162,255,1.7166009953517185
1163,242,1.7169322252588537
1164,235,1.7159983620476105
1165,231,1.717266635643502
1166,229,1.7158471304599952
1167,228,1.7156225679152715
1168,456,1.7156225679152666
1169,343,1.7183827676876569
1170,286,1.7182820599629867
1171,258,1.7172823201382055
1172,244,1.7132995674041405
1173,236,1.7154240362479463
1174,232,1.7165092027901294
1175,230,1.7160697402869387
1176,458,1.7158471304599903
1177,457,1.7157350948796903
1178,343,1.7183827676876569
1179,286,1.7182820599629867
1180,257,1.7170886817315174
1181,243,1.7130783829463097
1182,236,1.7154240362479463
1183,232,1.7165092027901294
1184,230,1.7160697402869387
1185,458,1.7158471304599903
1186,344,1.7133188642707833
1187,288,1.7148058150980412
1188,259,1.7168401572490468
1189,246,1.71568265277401
1190,239,1.7173391478720252
1191,235,1.7164930501224929
1192,233,1.7160591072852867
1193,232,1.716509202790129
1194,462,1.7162904227560685
1195,348,1.7139364335395908
1196,292,1.715521453119397
1197,262,1.714502505567556
1198,247,1.7150229938273376
1199,240,1.716312282493155
1200,236,1.7165102288435143
1201,234,1.717538786753627
1202,466,1.7167261048839735
1203,466,1.7167261048839735
1204,350,1.714239924723119
1205,292,1.7151230793522312
1206,262,1.7135247659117332
1207,247,1.714890987871007
1208,240,1.7158548342585511
1209,236,1.7175143585251564
1210,234,1.7169411531137777
1211,466,1.7167261048839735
1212,350,1.7193560601470443
1213,293,1.7194471019932194
1214,264,1.7184133444681784
1215,250,1.7145895151622095
1216,243,1.716911128761788
1217,239,1.7160720281442943
1218,237,1.7156418563087437
1219,236,1.7173657822455
1220,470,1.7173953343366457
1221,354,1.7202148681179583
1222,297,1.7204695055431145
1223,267,1.7194102997577905
1224,252,1.716227914895543
1225,244,1.7168994358924954
1226,240,1.7177381189932706
1227,238,1.7181800873202484
1228,474,1.7180532687774586
1229,473,1.7179496871244362
1230,356,1.7206093695314022
1231,297,1.7188658737299312
1232,267,1.7188307282074091
1233,252,1.714437827337569
1234,244,1.7173650295895537
1235,240,1.7187292653621733
1236,238,1.7182591264324192
1237,474,1.7180532687774586
1238,356,1.7156347919613857
1239,298,1.716771649181252
1240,268,1.715145618330149
1241,254,1.7167742458204784
1242,246,1.7174212734295091
1243,242,1.7190655440229086
1244,240,1.7186656953009574
1245,478,1.7184632614291704
1246,478,1.7184632614291704
1247,361,1.7163468778158957
1248,302,1.7174375530418582
1249,273,1.7160962002408975
1250,258,1.7175536744225952
1251,251,1.7185495387208891
1252,247,1.7201787959871568
1253,244,1.719602542774003
1254,243,1.7192630001818965
1255,246,1.7126467544766115
1256,186,1.7129514641811416
1257,156,1.7172796071546708
1258,140,1.7139956833235581
1259,132,1.7095564381218178
1260,128,1.709836216595796
1261,125,1.7111972034150733
1262,248,1.7130854692845177
1263,248,1.7130854692845177
1264,247,1.7128669999672204
1265,372,1.7130374660389132
1266,341,1.7112726223820702
1267,325,1.7120891627224626
1268,317,1.711289759449142
1269,313,1.7116690768605223
1270,311,1.7121828094409275
1271,310,1.713108268451822
1272,248,1.713214472071184
1273,434,1.7114172065936932
1274,419,1.711613581571158
1275,319,1.7102758988110303
1276,269,1.712481392054457
1277,245,1.7123366822707662
1278,232,1.7150980367410178
1279,226,1.713632567905954
1280,223,1.712913982846523
1281,221,1.7124240877532153
1282,440,1.7121758000127385
1283,332,1.713914931548419
1284,279,1.717110661295696
1285,251,1.716284266962053
1286,238,1.7163614579966782
1287,231,1.7147887329005658
1288,229,1.714332325409243
1289,226,1.713632567905954
1290,224,1.7131556498456768
1291,446,1.712913982846518
1292,336,1.7145474608235214
1293,282,1.7176419030974122
1294,255,1.7170805512553073
1295,241,1.7141426520013507
1296,233,1.7162051384478143
1297,229,1.715317064173418
1298,226,1.7146303784236354
1299,450,1.7133951686937225
1300,449,1.7132756759944723
1301,338,1.714858111295909
1302,283,1.717816480791969
1303,255,1.715037377378143
1304,240,1.7144528388597728
1305,233,1.7125259229686587
1306,229,1.712839937310582
1307,227,1.7123623386026838
1308,452,1.71367669553793
1309,340,1.7124728973878602
1310,285,1.7126650642316676
1311,257,1.7124020684668222
1312,243,1.716176671885971
1313,235,1.7144449027363184
1314,231,1.7150268700938733
1315,229,1.714419424490707
1316,456,1.714188600077692
1317,456,1.714188600077692
1318,344,1.713107484518897
1319,288,1.7132315467985983
1320,261,1.7132395446689708
1321,246,1.71679704650513
1322,240,1.7168315396066627
1323,235,1.7157631172438892
1324,233,1.7153229088884119
1325,232,1.715099958535961
1326,234,1.7114617200636237
1327,177,1.7108288469363078
1328,148,1.7132728049288393
1329,134,1.7148225730921964
1330,126,1.7135543502623705
1331,122,1.713887865970081
1332,120,1.712851361828464
1333,236,1.7119327850686523
1334,235,1.7116982548321062
1335,235,1.7116982548321062
1336,354,1.710828846936301
1337,325,1.710289700660745
1338,310,1.708542652465051
1339,302,1.7111353716998452
1340,298,1.710384874801091
1341,296,1.710862361443684
1342,590,1.7112704221892379
1343,531,1.7115648056911972
1344,503,1.7104284173521038
1345,488,1.7107687295091194
1346,394,1.7101004985113564
1347,346,1.7132433924305912
1348,321,1.7138580868671351
1349,309,1.7139110097638297
1350,606,1.7129641793505197
1351,603,1.7126369593904553
1352,454,1.7123098325822057
1353,379,1.7101420651651658
1354,343,1.7111872615956263
1355,324,1.7131612556531641
1356,314,1.7109425108624512
1357,309,1.7109101583094617
1358,306,1.712519044084673
1359,305,1.71342350752344
1360,306,1.7122378572933958
1361,230,1.7165093882924445
1362,193,1.7206840736884033
1363,174,1.7184589356022129
1364,164,1.7169319777214336
1365,159,1.7145945130513651
1366,157,1.7139263235277262
1367,156,1.7135858038666412
1368,310,1.7132408904034697
1369,309,1.713066759334688
1370,233,1.7175536635618098
1371,194,1.7107384948965032
1372,175,1.710059515889656
1373,165,1.713942945140732
1374,160,1.7146208036005834
1375,157,1.714063738347285
1376,156,1.7135858038666412
1377,310,1.7132408904034697
1378,233,1.709309535709736
1379,195,1.7098948396230955
1380,175,1.7096706817078329
1381,165,1.716517025442174
1382,160,1.7149223435364003
1383,158,1.7142625328133547
1384,157,1.7139263235277262
1385,312,1.7135858038666334
1386,312,1.7135858038666334
1387,236,1.7100434914929643
1388,197,1.7104750685676025
1389,179,1.7142885586748604
1390,169,1.7102328614318616
1391,165,1.7104950998754882
1392,162,1.7114872777955608
1393,160,1.7131098738173134
1394,318,1.7145945130513576
1395,240,1.7109935564790317
1396,202,1.7118753735698156
1397,182,1.7118774782058785
1398,172,1.7185734937939403
1399,166,1.7168063813841332
1400,164,1.7161936861490983
1401,163,1.7158817002318718
1402,322,1.7152461015930427
1403,321,1.7150847268607563
1404,242,1.7114568113069488
1405,203,1.7121471569052205
1406,183,1.7121789531373055
1407,172,1.7185734937939403
1408,167,1.7171072257510367
1409,164,1.7161936861490983
1410,163,1.7158817002318718
1411,324,1.7155658626366475
1412,244,1.7196412332177462
1413,205,1.713588903927561
1414,185,1.712950406406817
1415,174,1.7121585854075925
1416,168,1.7164794264915768
1417,165,1.7155600089612966
1418,164,1.715246061511932
1419,326,1.715881700231864
1420,326,1.715881700231864
1421,246,1.7200266491318865
1422,206,1.713848411144694
1423,187,1.713528983778477
1424,176,1.7127823218308813
1425,170,1.7170743437170526
1426,167,1.7161766243109458
1427,166,1.7158701739112705
1428,330,1.7165018904188356
1429,249,1.720593164090021
1430,209,1.714612032860182
1431,189,1.714095316126398
1432,178,1.7133920417053323
1433,172,1.7176554256582148
1434,169,1.7167786452144493
1435,167,1.7161766243109455
1436,332,1.7168063813841261
1437,332,1.7168063813841261
1438,251,1.720963317289758
1439,210,1.7148617250401668
1440,188,1.7176268841008993
1441,177,1.7164221616335484
1442,172,1.7175324459567165
1443,169,1.7166534824413267
1444,168,1.7163535187019474
1445,334,1.7171072257510296
1446,251,1.720963317289758
1447,211,1.7151090504696307
1448,190,1.7143740112555066
1449,181,1.718443536998531
1450,175,1.717253178540123
1451,172,1.7158947185946827
1452,170,1.7179885227787892
1453,338,1.7176982336197395
1454,338,1.7176982336197395
1455,256,1.7218633968477122
1456,214,1.7158371580423508
1457,193,1.7189072081049437
1458,182,1.7178129646286986
1459,176,1.718657785608996
1460,173,1.7178186595098974
1461,171,1.7172428848765977
1462,340,1.7179885227787823
1463,256,1.7218633968477122
1464,215,1.716075345170791
1465,193,1.7189072081049437
1466,182,1.7178129646286986
1467,176,1.718657785608996
1468,173,1.7178186595098974
1469,172,1.7175324459567165
1470,342,1.7182754167429826
1471,342,1.7182754167429826
1472,258,1.7222136603656137
1473,216,1.716311326862857
1474,196,1.7159864616453486
1475,184,1.7151416726494089
1476,178,1.7193203233548036
1477,175,1.7185021450581945
1478,174,1.7182231493938331
1479,346,1.7188392545916995
1480,261,1.722728990598848
1481,219,1.7170063414353798
1482,198,1.7165022286050622
1483,188,1.7202532549538998
1484,181,1.7189038154058764
1485,178,1.71761896596757
1486,176,1.7196609841837287
1487,350,1.7193902047181602
1488,350,1.7193902047181602
1489,265,1.7233979475808583
1490,222,1.7176825718302666
1491,201,1.7172566340088227
1492,189,1.716514839792467
1493,183,1.7206243415871043
1494,180,1.719850624102606
1495,179,1.7195869550157101
1496,356,1.7201934157171295
1497,268,1.7238865607496212
1498,224,1.7271004255903093
1499,201,1.724985742997634
1500,190,1.7237898763336703
1501,184,1.7217212627260454
1502,181,1.7209700009371343
1503,180,1.7207140154386906
1504,358,1.720455169767073
1505,357,1.720324659344412
1506,268,1.7168499272140452
1507,223,1.7170709446856502
1508,201,1.7170925445569807
1509,190,1.723165757707284
1510,184,1.7217212627260454
1511,181,1.7209700009371343
1512,180,1.7207140154386906
1513,358,1.720455169767073
1514,269,1.724047009931433
1515,225,1.7272779676572723
1516,203,1.7254001434671846
1517,193,1.7244622729293704
1518,187,1.7224484198586278
1519,184,1.7217212627260454
1520,182,1.7212231734081227
1521,362,1.7209700009371274
1522,362,1.7209700009371274
1523,274,1.7248316884118269
1524,229,1.7279726300677483
1525,208,1.72640127921694
1526,196,1.7251140859558138
1527,190,1.7237898763336708
1528,186,1.7228596072084374
1529,184,1.7217212627260454
1530,366,1.721473578966853
1531,276,1.7251375992976614
1532,232,1.7284779071443337
1533,209,1.7265957582190457
1534,197,1.7235170810255496
1535,190,1.7217287853970282
1536,187,1.7224484198586278
1537,185,1.7219662688229695
1538,368,1.7217212627260385
1539,368,1.7217212627260385
1540,278,1.7254391085880165
1541,232,1.7284779071443335
1542,210,1.7267883850401788
1543,198,1.7237369310741935
1544,192,1.7222008542018197
1545,189,1.722920366639563
1546,188,1.7226856484267044
1547,374,1.7224484198586214
1548,281,1.725883325122561
1549,235,1.720413391595151
1550,212,1.7232216584280065
1551,200,1.7222440629712472
1552,193,1.7229200824266968
1553,190,1.7222233354546392
1554,188,1.72174648380355
1555,374,1.7224484198586214
1556,374,1.7224484198586214
1557,282,1.7193419998672421
1558,235,1.7196229334161028
1559,213,1.719906902083743
1560,201,1.7170801202840968
1561,195,1.7203538187706027
1562,192,1.7236098513898355
1563,190,1.7231526141343918
1564,378,1.7229203666395567
1565,285,1.7198441618755556
1566,239,1.7204166481816414
1567,216,1.7205616310917051
1568,203,1.717572408662155
1569,197,1.7208278651856932
1570,193,1.7238349163601316
1571,191,1.7233824297182798
1572,380,1.7231526141343858
1573,380,1.7231526141343858
1574,287,1.720173104236402
1575,240,1.7206109429419556
1576,217,1.7207758511818678
1577,204,1.7178149330836985
1578,198,1.721061297132518
1579,195,1.7242781212247151
1580,193,1.7238349163601319
1581,384,1.7236098513898301
1582,289,1.720497493761804
1583,243,1.7211842324199191
1584,219,1.7211984223186272
1585,207,1.718528446961573
1586,200,1.721521158067763
1587,196,1.724496331783043
1588,194,1.7240576610730025
1589,386,1.7238349163601263
1590,386,1.7238349163601263
1591,291,1.7208174243246577
1592,243,1.7211842324199191
1593,220,1.7214068267201652
1594,208,1.7187617111139546
1595,202,1.7219719128458744
1596,198,1.7249261404585376
1597,196,1.7244963317830433
1598,390,1.7242781212247096
1599,294,1.721289158674988
1600,247,1.7219269556302368
1601,222,1.7218180029718486
1602,209,1.7189927430734908
1603,203,1.7221939595345992
1604,200,1.7253473529605228
1605,198,1.724926140458538
1606,394,1.7247123270057478
1607,393,1.724604604197475
1608,296,1.72159833591811
1609,247,1.723937348995476
1610,222,1.7264969279503966
1611,209,1.7269108345567694
1612,203,1.726450906927725
1613,200,1.7256666396617917
1614,198,1.724926140458538
1615,394,1.7247123270057478
1616,296,1.7279693419570774
1617,248,1.722857915739523
1618,223,1.7253834658473746
1619,210,1.7257597847775166
1620,204,1.7261650007584932
1621,201,1.7255548158346345
1622,199,1.7251378050323998
1623,396,1.7249261404585319
1624,396,1.7249261404585319
1625,299,1.7283614294022274
1626,250,1.723211431538863
1627,226,1.725936526796175
1628,213,1.7249785383699088
1629,206,1.7244061159579827
1630,203,1.7237759493368148
1631,201,1.7242878452977224
1632,400,1.7253473529605168
1633,301,1.7286184789786712
1634,253,1.723731225520501
1635,228,1.7262971484089893
1636,217,1.7257540010848786
1637,209,1.7250181916713658
1638,205,1.7241981097399386
1639,203,1.724709121606681
1640,404,1.725760224620878
1641,404,1.725760224620878
1642,305,1.7291224647056003
1643,255,1.7240709601490227
1644,231,1.7268263723342883
1645,219,1.726131109665446
1646,211,1.725416572704405
1647,208,1.724816128214704
1648,206,1.7253256983404233
1649,410,1.7263644270506753
1650,308,1.7294918633349976
1651,258,1.724570686085162
1652,232,1.7239097092506066
1653,219,1.723437107034186
1654,212,1.7269746643372332
1655,208,1.72620403498493
1656,206,1.7258074975512203
1657,410,1.7263644270506753
1658,410,1.7263644270506753
1659,309,1.7235104320721744
