1,1,1
1,1,2
1,1,3
1,1,4
1,1,5
1,1,6
1,1,7
1,1,8
1,1,9
1,1,10
1,1,11
1,1,12
1,1,13
1,1,14
1,1,15
1,1,16
1,1,17
1,1,18
1,1,19
1,1,20
1,1,21
1,1,22
1,1,23
1,1,24
1,1,25
1,1,26
1,1,27
1,1,28
1,1,29
1,1,30
1,1,31
1,1,32
1,1,33
1,1,34
1,1,35
1,1,36
1,1,37
1,1,38
1,1,39
1,1,40
1,1,41
1,1,42
1,1,43
1,1,44
1,1,45
1,1,46
1,1,47
1,1,48
1,1,49
1,1,50
1,1,51
1,1,52
1,1,53
1,1,54
1,1,55
1,1,56
1,1,57
1,1,58
1,1,59
1,1,60
1,1,61
1,1,62
1,1,63
1,1,64
1,1,65
1,1,66
1,1,67
1,1,68
1,1,69
1,1,70
1,1,71
1,1,72
1,1,73
1,1,74
1,1,75
1,1,76
1,1,77
1,1,78
1,1,79
1,1,80
1,1,81
1,1,82
1,1,83
1,1,84
1,1,85
1,1,86
1,1,87
1,1,88
1,1,89
1,1,90
1,1,91
1,1,92
1,1,93
1,1,94
1,1,95
1,1,96
1,1,97
1,1,98
1,1,99
1,1,100
2,2,1
2,2,2
2,2,3
1,2,4
2,2,5
1,2,6
2,2,7
1,2,8
1,2,9
1,2,10
2,2,11
1,2,12
1,2,13
1,2,14
1,2,15
1,2,16
1,2,17
1,2,18
1,2,19
1,2,20
1,2,21
1,2,22
1,2,23
1,2,24
1,2,25
1,2,26
1,2,27
1,2,28
1,2,29
1,2,30
1,2,31
1,2,32
1,2,33
1,2,34
1,2,35
1,2,36
1,2,37
1,2,38
1,2,39
1,2,40
1,2,41
2,2,42
1,2,43
1,2,44
1,2,45
1,2,46
1,2,47
1,2,48
1,2,49
1,2,50
1,2,51
1,2,52
1,2,53
1,2,54
1,2,55
1,2,56
1,2,57
1,2,58
1,2,59
1,2,60
1,2,61
1,2,62
1,2,63
1,2,64
1,2,65
1,2,66
1,2,67
1,2,68
1,2,69
1,2,70
1,2,71
1,2,72
1,2,73
1,2,74
1,2,75
1,2,76
1,2,77
1,2,78
1,2,79
1,2,80
1,2,81
1,2,82
1,2,83
1,2,84
1,2,85
1,2,86
1,2,87
1,2,88
1,2,89
1,2,90
1,2,91
1,2,92
1,2,93
1,2,94
1,2,95
1,2,96
1,2,97
1,2,98
1,2,99
1,2,100
3,3,1
3,3,2
2,3,3
1,3,4
1,3,5
1,3,6
2,3,7
1,3,8
1,3,9
1,3,10
1,3,11
2,3,12
1,3,13
1,3,14
2,3,15
1,3,16
1,3,17
1,3,18
1,3,19
1,3,20
1,3,21
2,3,22
1,3,23
1,3,24
1,3,25
1,3,26
1,3,27
1,3,28
1,3,29
1,3,30
1,3,31
1,3,32
1,3,33
1,3,34
1,3,35
1,3,36
1,3,37
1,3,38
1,3,39
2,3,40
1,3,41
1,3,42
1,3,43
1,3,44
1,3,45
1,3,46
1,3,47
1,3,48
1,3,49
1,3,50
1,3,51
1,3,52
1,3,53
1,3,54
1,3,55
1,3,56
1,3,57
1,3,58
1,3,59
1,3,60
1,3,61
1,3,62
1,3,63
1,3,64
1,3,65
2,3,66
1,3,67
1,3,68
1,3,69
1,3,70
1,3,71
1,3,72
1,3,73
1,3,74
1,3,75
1,3,76
1,3,77
1,3,78
1,3,79
1,3,80
1,3,81
1,3,82
1,3,83
1,3,84
1,3,85
1,3,86
2,3,87
1,3,88
1,3,89
1,3,90
1,3,91
1,3,92
1,3,93
1,3,94
1,3,95
1,3,96
1,3,97
1,3,98
1,3,99
1,3,100
4,4,1
3,4,2
3,4,3
1,4,4
2,4,5
2,4,6
3,4,7
2,4,8
2,4,9
1,4,10
1,4,11
2,4,12
2,4,13
3,4,14
1,4,15
1,4,16
1,4,17
1,4,18
1,4,19
1,4,20
2,4,21
2,4,22
1,4,23
1,4,24
1,4,25
1,4,26
1,4,27
1,4,28
1,4,29
2,4,30
1,4,31
2,4,32
3,4,33
1,4,34
1,4,35
1,4,36
1,4,37
1,4,38
2,4,39
1,4,40
2,4,41
1,4,42
1,4,43
1,4,44
1,4,45
1,4,46
1,4,47
1,4,48
1,4,49
1,4,50
1,4,51
1,4,52
1,4,53
1,4,54
1,4,55
1,4,56
1,4,57
1,4,58
1,4,59
1,4,60
1,4,61
1,4,62
2,4,63
1,4,64
1,4,65
1,4,66
1,4,67
1,4,68
1,4,69
1,4,70
1,4,71
1,4,72
1,4,73
1,4,74
2,4,75
1,4,76
1,4,77
1,4,78
1,4,79
1,4,80
1,4,81
1,4,82
1,4,83
1,4,84
1,4,85
1,4,86
1,4,87
1,4,88
1,4,89
2,4,90
2,4,91
2,4,92
1,4,93
1,4,94
1,4,95
1,4,96
1,4,97
1,4,98
1,4,99
2,4,100
5,5,1
4,5,2
2,5,3
2,5,4
2,5,5
2,5,6
3,5,7
2,5,8
2,5,9
2,5,10
1,5,11
2,5,12
2,5,13
1,5,14
2,5,15
1,5,16
1,5,17
1,5,18
2,5,19
2,5,20
1,5,21
1,5,22
1,5,23
1,5,24
1,5,25
1,5,26
2,5,27
2,5,28
2,5,29
1,5,30
1,5,31
1,5,32
1,5,33
1,5,34
2,5,35
2,5,36
1,5,37
1,5,38
1,5,39
1,5,40
1,5,41
1,5,42
1,5,43
1,5,44
2,5,45
1,5,46
1,5,47
1,5,48
1,5,49
1,5,50
2,5,51
1,5,52
1,5,53
1,5,54
2,5,55
1,5,56
1,5,57
1,5,58
1,5,59
1,5,60
1,5,61
1,5,62
1,5,63
1,5,64
1,5,65
1,5,66
1,5,67
1,5,68
1,5,69
1,5,70
1,5,71
1,5,72
1,5,73
1,5,74
2,5,75
2,5,76
1,5,77
1,5,78
1,5,79
1,5,80
1,5,81
1,5,82
1,5,83
1,5,84
2,5,85
1,5,86
1,5,87
1,5,88
2,5,89
1,5,90
1,5,91
1,5,92
1,5,93
1,5,94
2,5,95
1,5,96
1,5,97
1,5,98
1,5,99
1,5,100
6,6,1
4,6,2
3,6,3
4,6,4
4,6,5
2,6,6
3,6,7
2,6,8
2,6,9
2,6,10
2,6,11
1,6,12
1,6,13
2,6,14
1,6,15
2,6,16
2,6,17
1,6,18
2,6,19
1,6,20
2,6,21
1,6,22
2,6,23
1,6,24
2,6,25
1,6,26
1,6,27
1,6,28
2,6,29
1,6,30
1,6,31
2,6,32
2,6,33
1,6,34
1,6,35
2,6,36
1,6,37
2,6,38
3,6,39
2,6,40
2,6,41
1,6,42
1,6,43
1,6,44
2,6,45
1,6,46
2,6,47
1,6,48
2,6,49
2,6,50
2,6,51
1,6,52
1,6,53
1,6,54
1,6,55
1,6,56
1,6,57
1,6,58
1,6,59
1,6,60
1,6,61
1,6,62
1,6,63
1,6,64
1,6,65
1,6,66
1,6,67
1,6,68
1,6,69
1,6,70
1,6,71
1,6,72
1,6,73
1,6,74
1,6,75
1,6,76
2,6,77
1,6,78
1,6,79
1,6,80
1,6,81
1,6,82
1,6,83
2,6,84
1,6,85
1,6,86
1,6,87
1,6,88
2,6,89
1,6,90
1,6,91
1,6,92
1,6,93
2,6,94
1,6,95
1,6,96
1,6,97
2,6,98
1,6,99
1,6,100
7,7,1
6,7,2
3,7,3
2,7,4
4,7,5
2,7,6
3,7,7
3,7,8
2,7,9
2,7,10
2,7,11
2,7,12
2,7,13
2,7,14
2,7,15
2,7,16
1,7,17
4,7,18
2,7,19
2,7,20
2,7,21
2,7,22
2,7,23
2,7,24
2,7,25
1,7,26
3,7,27
3,7,28
2,7,29
2,7,30
2,7,31
1,7,32
1,7,33
1,7,34
1,7,35
1,7,36
1,7,37
2,7,38
1,7,39
2,7,40
2,7,41
1,7,42
2,7,43
2,7,44
2,7,45
1,7,46
1,7,47
1,7,48
1,7,49
2,7,50
1,7,51
2,7,52
2,7,53
2,7,54
2,7,55
1,7,56
1,7,57
1,7,58
1,7,59
1,7,60
1,7,61
2,7,62
1,7,63
1,7,64
1,7,65
2,7,66
1,7,67
1,7,68
1,7,69
1,7,70
1,7,71
1,7,72
1,7,73
1,7,74
2,7,75
1,7,76
1,7,77
1,7,78
2,7,79
1,7,80
2,7,81
2,7,82
1,7,83
1,7,84
1,7,85
1,7,86
1,7,87
1,7,88
1,7,89
1,7,90
1,7,91
1,7,92
1,7,93
1,7,94
1,7,95
1,7,96
1,7,97
1,7,98
1,7,99
1,7,100
8,8,1
4,8,2
4,8,3
3,8,4
2,8,5
2,8,6
3,8,7
2,8,8
3,8,9
2,8,10
2,8,11
3,8,12
2,8,13
2,8,14
2,8,15
2,8,16
3,8,17
2,8,18
2,8,19
2,8,20
2,8,21
2,8,22
2,8,23
1,8,24
2,8,25
1,8,26
3,8,27
2,8,28
2,8,29
2,8,30
1,8,31
2,8,32
1,8,33
1,8,34
1,8,35
2,8,36
2,8,37
2,8,38
2,8,39
2,8,40
1,8,41
1,8,42
2,8,43
1,8,44
1,8,45
2,8,46
2,8,47
2,8,48
1,8,49
2,8,50
2,8,51
1,8,52
1,8,53
1,8,54
1,8,55
1,8,56
2,8,57
2,8,58
2,8,59
2,8,60
1,8,61
1,8,62
1,8,63
2,8,64
2,8,65
2,8,66
1,8,67
1,8,68
1,8,69
2,8,70
1,8,71
1,8,72
2,8,73
1,8,74
2,8,75
1,8,76
1,8,77
2,8,78
2,8,79
1,8,80
2,8,81
1,8,82
1,8,83
1,8,84
1,8,85
1,8,86
1,8,87
1,8,88
2,8,89
2,8,90
1,8,91
2,8,92
1,8,93
1,8,94
1,8,95
1,8,96
1,8,97
1,8,98
1,8,99
1,8,100
9,9,1
5,9,2
4,9,3
4,9,4
3,9,5
3,9,6
4,9,7
3,9,8
3,9,9
3,9,10
2,9,11
2,9,12
2,9,13
2,9,14
2,9,15
2,9,16
2,9,17
1,9,18
3,9,19
2,9,20
2,9,21
2,9,22
2,9,23
2,9,24
2,9,25
1,9,26
1,9,27
3,9,28
2,9,29
2,9,30
2,9,31
1,9,32
1,9,33
2,9,34
1,9,35
2,9,36
2,9,37
1,9,38
2,9,39
2,9,40
1,9,41
2,9,42
1,9,43
2,9,44
3,9,45
1,9,46
3,9,47
2,9,48
2,9,49
2,9,50
1,9,51
2,9,52
1,9,53
1,9,54
2,9,55
1,9,56
2,9,57
3,9,58
1,9,59
1,9,60
1,9,61
2,9,62
1,9,63
1,9,64
1,9,65
2,9,66
1,9,67
1,9,68
1,9,69
2,9,70
2,9,71
1,9,72
1,9,73
2,9,74
1,9,75
2,9,76
1,9,77
1,9,78
1,9,79
1,9,80
1,9,81
1,9,82
1,9,83
1,9,84
1,9,85
2,9,86
1,9,87
1,9,88
2,9,89
1,9,90
1,9,91
1,9,92
1,9,93
2,9,94
1,9,95
1,9,96
1,9,97
2,9,98
1,9,99
1,9,100
10,10,1
7,10,2
4,10,3
3,10,4
5,10,5
3,10,6
2,10,7
4,10,8
3,10,9
2,10,10
3,10,11
2,10,12
2,10,13
2,10,14
2,10,15
2,10,16
2,10,17
2,10,18
2,10,19
2,10,20
2,10,21
2,10,22
1,10,23
2,10,24
2,10,25
1,10,26
3,10,27
2,10,28
2,10,29
2,10,30
1,10,31
1,10,32
1,10,33
4,10,34
2,10,35
2,10,36
2,10,37
2,10,38
2,10,39
2,10,40
2,10,41
2,10,42
2,10,43
1,10,44
2,10,45
2,10,46
2,10,47
2,10,48
1,10,49
1,10,50
2,10,51
2,10,52
3,10,53
1,10,54
1,10,55
1,10,56
1,10,57
2,10,58
2,10,59
1,10,60
2,10,61
1,10,62
2,10,63
1,10,64
2,10,65
1,10,66
1,10,67
1,10,68
2,10,69
2,10,70
1,10,71
2,10,72
1,10,73
1,10,74
2,10,75
1,10,76
2,10,77
2,10,78
2,10,79
2,10,80
3,10,81
2,10,82
2,10,83
1,10,84
2,10,85
1,10,86
2,10,87
1,10,88
1,10,89
1,10,90
1,10,91
1,10,92
1,10,93
2,10,94
1,10,95
2,10,96
1,10,97
2,10,98
2,10,99
2,10,100
11,11,1
6,11,2
4,11,3
5,11,4
3,11,5
4,11,6
3,11,7
4,11,8
3,11,9
3,11,10
2,11,11
2,11,12
3,11,13
2,11,14
3,11,15
3,11,16
2,11,17
2,11,18
2,11,19
3,11,20
2,11,21
4,11,22
2,11,23
2,11,24
2,11,25
3,11,26
2,11,27
2,11,28
2,11,29
2,11,30
1,11,31
2,11,32
1,11,33
2,11,34
1,11,35
2,11,36
1,11,37
2,11,38
1,11,39
2,11,40
2,11,41
2,11,42
1,11,43
2,11,44
1,11,45
2,11,46
2,11,47
2,11,48
2,11,49
3,11,50
2,11,51
2,11,52
2,11,53
2,11,54
2,11,55
1,11,56
2,11,57
1,11,58
1,11,59
1,11,60
2,11,61
2,11,62
2,11,63
2,11,64
1,11,65
1,11,66
1,11,67
2,11,68
2,11,69
1,11,70
2,11,71
2,11,72
2,11,73
2,11,74
1,11,75
1,11,76
3,11,77
2,11,78
2,11,79
2,11,80
2,11,81
2,11,82
3,11,83
2,11,84
2,11,85
1,11,86
2,11,87
2,11,88
2,11,89
1,11,90
1,11,91
1,11,92
1,11,93
1,11,94
1,11,95
1,11,96
2,11,97
1,11,98
2,11,99
2,11,100
12,12,1
6,12,2
6,12,3
4,12,4
4,12,5
3,12,6
4,12,7
4,12,8
3,12,9
4,12,10
4,12,11
3,12,12
5,12,13
3,12,14
3,12,15
2,12,16
3,12,17
3,12,18
2,12,19
2,12,20
2,12,21
2,12,22
3,12,23
2,12,24
2,12,25
2,12,26
3,12,27
2,12,28
3,12,29
2,12,30
2,12,31
1,12,32
2,12,33
2,12,34
2,12,35
2,12,36
2,12,37
2,12,38
2,12,39
2,12,40
2,12,41
1,12,42
2,12,43
3,12,44
2,12,45
1,12,46
2,12,47
2,12,48
2,12,49
2,12,50
1,12,51
2,12,52
2,12,53
1,12,54
2,12,55
2,12,56
2,12,57
2,12,58
1,12,59
1,12,60
1,12,61
2,12,62
2,12,63
1,12,64
1,12,65
1,12,66
2,12,67
2,12,68
1,12,69
2,12,70
2,12,71
1,12,72
1,12,73
2,12,74
1,12,75
1,12,76
1,12,77
1,12,78
2,12,79
2,12,80
2,12,81
2,12,82
2,12,83
2,12,84
1,12,85
2,12,86
2,12,87
1,12,88
2,12,89
2,12,90
2,12,91
1,12,92
1,12,93
1,12,94
2,12,95
1,12,96
2,12,97
1,12,98
2,12,99
2,12,100
13,13,1
8,13,2
5,13,3
4,13,4
5,13,5
4,13,6
4,13,7
3,13,8
3,13,9
3,13,10
2,13,11
2,13,12
2,13,13
4,13,14
2,13,15
2,13,16
3,13,17
2,13,18
3,13,19
3,13,20
3,13,21
2,13,22
2,13,23
3,13,24
2,13,25
2,13,26
2,13,27
2,13,28
2,13,29
2,13,30
3,13,31
2,13,32
2,13,33
3,13,34
2,13,35
2,13,36
2,13,37
2,13,38
2,13,39
2,13,40
2,13,41
2,13,42
2,13,43
2,13,44
3,13,45
2,13,46
2,13,47
1,13,48
2,13,49
1,13,50
2,13,51
2,13,52
1,13,53
1,13,54
3,13,55
1,13,56
2,13,57
2,13,58
1,13,59
2,13,60
1,13,61
2,13,62
2,13,63
2,13,64
1,13,65
2,13,66
2,13,67
2,13,68
1,13,69
1,13,70
3,13,71
1,13,72
2,13,73
2,13,74
2,13,75
2,13,76
2,13,77
1,13,78
2,13,79
1,13,80
2,13,81
2,13,82
2,13,83
2,13,84
1,13,85
2,13,86
2,13,87
2,13,88
1,13,89
2,13,90
2,13,91
2,13,92
1,13,93
2,13,94
2,13,95
2,13,96
2,13,97
1,13,98
2,13,99
2,13,100
14,14,1
10,14,2
5,14,3
5,14,4
4,14,5
4,14,6
5,14,7
4,14,8
5,14,9
3,14,10
3,14,11
3,14,12
5,14,13
2,14,14
2,14,15
2,14,16
4,14,17
3,14,18
2,14,19
3,14,20
3,14,21
3,14,22
3,14,23
3,14,24
3,14,25
3,14,26
2,14,27
2,14,28
3,14,29
2,14,30
2,14,31
2,14,32
3,14,33
3,14,34
2,14,35
3,14,36
2,14,37
2,14,38
2,14,39
2,14,40
2,14,41
2,14,42
4,14,43
2,14,44
2,14,45
2,14,46
3,14,47
2,14,48
2,14,49
3,14,50
2,14,51
1,14,52
2,14,53
2,14,54
2,14,55
2,14,56
2,14,57
2,14,58
2,14,59
1,14,60
1,14,61
2,14,62
2,14,63
3,14,64
2,14,65
1,14,66
1,14,67
2,14,68
2,14,69
2,14,70
3,14,71
1,14,72
1,14,73
2,14,74
2,14,75
2,14,76
2,14,77
2,14,78
2,14,79
2,14,80
2,14,81
2,14,82
2,14,83
1,14,84
2,14,85
2,14,86
1,14,87
1,14,88
2,14,89
1,14,90
1,14,91
2,14,92
1,14,93
1,14,94
2,14,95
2,14,96
2,14,97
2,14,98
2,14,99
1,14,100
15,15,1
12,15,2
7,15,3
5,15,4
4,15,5
4,15,6
4,15,7
3,15,8
4,15,9
4,15,10
3,15,11
4,15,12
3,15,13
4,15,14
3,15,15
2,15,16
3,15,17
2,15,18
3,15,19
3,15,20
3,15,21
2,15,22
2,15,23
3,15,24
3,15,25
2,15,26
2,15,27
2,15,28
3,15,29
2,15,30
2,15,31
2,15,32
2,15,33
2,15,34
2,15,35
2,15,36
3,15,37
2,15,38
2,15,39
2,15,40
2,15,41
2,15,42
2,15,43
2,15,44
2,15,45
2,15,46
2,15,47
2,15,48
3,15,49
2,15,50
2,15,51
2,15,52
2,15,53
2,15,54
2,15,55
2,15,56
1,15,57
2,15,58
2,15,59
2,15,60
2,15,61
2,15,62
3,15,63
2,15,64
2,15,65
2,15,66
2,15,67
2,15,68
2,15,69
2,15,70
2,15,71
2,15,72
2,15,73
1,15,74
2,15,75
3,15,76
2,15,77
2,15,78
2,15,79
3,15,80
2,15,81
3,15,82
2,15,83
3,15,84
2,15,85
2,15,86
3,15,87
2,15,88
1,15,89
2,15,90
1,15,91
2,15,92
2,15,93
2,15,94
1,15,95
2,15,96
2,15,97
1,15,98
1,15,99
2,15,100
16,16,1
12,16,2
7,16,3
7,16,4
7,16,5
5,16,6
4,16,7
4,16,8
3,16,9
4,16,10
3,16,11
3,16,12
2,16,13
3,16,14
3,16,15
4,16,16
2,16,17
2,16,18
3,16,19
2,16,20
3,16,21
2,16,22
4,16,23
3,16,24
2,16,25
2,16,26
2,16,27
2,16,28
2,16,29
2,16,30
2,16,31
2,16,32
3,16,33
2,16,34
2,16,35
2,16,36
2,16,37
3,16,38
2,16,39
2,16,40
2,16,41
2,16,42
2,16,43
2,16,44
2,16,45
2,16,46
2,16,47
2,16,48
2,16,49
2,16,50
2,16,51
3,16,52
2,16,53
1,16,54
3,16,55
2,16,56
2,16,57
2,16,58
2,16,59
2,16,60
2,16,61
2,16,62
2,16,63
2,16,64
2,16,65
1,16,66
2,16,67
3,16,68
3,16,69
2,16,70
2,16,71
2,16,72
1,16,73
2,16,74
2,16,75
2,16,76
1,16,77
2,16,78
1,16,79
1,16,80
1,16,81
2,16,82
2,16,83
1,16,84
2,16,85
2,16,86
1,16,87
2,16,88
1,16,89
2,16,90
2,16,91
2,16,92
2,16,93
2,16,94
2,16,95
1,16,96
1,16,97
2,16,98
2,16,99
3,16,100
17,17,1
11,17,2
7,17,3
6,17,4
4,17,5
5,17,6
5,17,7
4,17,8
4,17,9
4,17,10
6,17,11
4,17,12
3,17,13
4,17,14
4,17,15
4,17,16
4,17,17
3,17,18
3,17,19
3,17,20
3,17,21
3,17,22
2,17,23
3,17,24
3,17,25
2,17,26
4,17,27
2,17,28
2,17,29
2,17,30
2,17,31
2,17,32
2,17,33
3,17,34
3,17,35
2,17,36
2,17,37
4,17,38
3,17,39
3,17,40
3,17,41
2,17,42
3,17,43
2,17,44
2,17,45
2,17,46
4,17,47
2,17,48
2,17,49
2,17,50
2,17,51
2,17,52
2,17,53
2,17,54
2,17,55
3,17,56
3,17,57
2,17,58
2,17,59
2,17,60
3,17,61
2,17,62
3,17,63
2,17,64
1,17,65
2,17,66
2,17,67
3,17,68
2,17,69
2,17,70
2,17,71
2,17,72
3,17,73
2,17,74
2,17,75
2,17,76
2,17,77
2,17,78
2,17,79
4,17,80
2,17,81
2,17,82
1,17,83
2,17,84
3,17,85
2,17,86
2,17,87
2,17,88
1,17,89
2,17,90
2,17,91
2,17,92
2,17,93
2,17,94
1,17,95
1,17,96
3,17,97
2,17,98
2,17,99
2,17,100
18,18,1
11,18,2
7,18,3
6,18,4
6,18,5
5,18,6
6,18,7
4,18,8
5,18,9
5,18,10
4,18,11
3,18,12
4,18,13
3,18,14
3,18,15
3,18,16
4,18,17
5,18,18
2,18,19
4,18,20
3,18,21
3,18,22
2,18,23
3,18,24
2,18,25
3,18,26
4,18,27
3,18,28
2,18,29
3,18,30
2,18,31
2,18,32
3,18,33
3,18,34
2,18,35
2,18,36
3,18,37
4,18,38
3,18,39
2,18,40
3,18,41
2,18,42
3,18,43
2,18,44
2,18,45
2,18,46
2,18,47
2,18,48
2,18,49
2,18,50
2,18,51
1,18,52
3,18,53
2,18,54
2,18,55
3,18,56
3,18,57
2,18,58
2,18,59
2,18,60
2,18,61
2,18,62
2,18,63
2,18,64
2,18,65
4,18,66
1,18,67
2,18,68
2,18,69
1,18,70
3,18,71
2,18,72
2,18,73
3,18,74
2,18,75
1,18,76
3,18,77
2,18,78
2,18,79
2,18,80
2,18,81
2,18,82
3,18,83
2,18,84
3,18,85
2,18,86
2,18,87
2,18,88
1,18,89
2,18,90
2,18,91
2,18,92
2,18,93
3,18,94
3,18,95
3,18,96
2,18,97
1,18,98
1,18,99
2,18,100
19,19,1
10,19,2
9,19,3
6,19,4
5,19,5
8,19,6
5,19,7
6,19,8
5,19,9
4,19,10
3,19,11
4,19,12
3,19,13
2,19,14
3,19,15
2,19,16
4,19,17
5,19,18
3,19,19
3,19,20
4,19,21
3,19,22
3,19,23
2,19,24
3,19,25
3,19,26
2,19,27
4,19,28
4,19,29
2,19,30
2,19,31
2,19,32
2,19,33
3,19,34
2,19,35
3,19,36
2,19,37
2,19,38
2,19,39
2,19,40
3,19,41
2,19,42
2,19,43
2,19,44
2,19,45
3,19,46
3,19,47
4,19,48
3,19,49
2,19,50
2,19,51
2,19,52
2,19,53
2,19,54
3,19,55
1,19,56
2,19,57
2,19,58
2,19,59
2,19,60
2,19,61
2,19,62
3,19,63
2,19,64
3,19,65
3,19,66
1,19,67
2,19,68
2,19,69
2,19,70
2,19,71
3,19,72
2,19,73
1,19,74
2,19,75
2,19,76
1,19,77
3,19,78
2,19,79
2,19,80
2,19,81
1,19,82
1,19,83
2,19,84
2,19,85
2,19,86
2,19,87
2,19,88
2,19,89
1,19,90
2,19,91
2,19,92
2,19,93
2,19,94
2,19,95
2,19,96
2,19,97
1,19,98
2,19,99
2,19,100
20,20,1
14,20,2
11,20,3
6,20,4
5,20,5
6,20,6
5,20,7
5,20,8
5,20,9
5,20,10
4,20,11
5,20,12
4,20,13
4,20,14
3,20,15
4,20,16
3,20,17
3,20,18
3,20,19
3,20,20
2,20,21
3,20,22
3,20,23
3,20,24
2,20,25
2,20,26
4,20,27
3,20,28
2,20,29
3,20,30
3,20,31
4,20,32
3,20,33
3,20,34
3,20,35
2,20,36
3,20,37
2,20,38
2,20,39
2,20,40
3,20,41
3,20,42
2,20,43
3,20,44
2,20,45
3,20,46
2,20,47
3,20,48
2,20,49
3,20,50
3,20,51
2,20,52
2,20,53
3,20,54
2,20,55
2,20,56
2,20,57
2,20,58
2,20,59
2,20,60
2,20,61
3,20,62
2,20,63
3,20,64
2,20,65
2,20,66
2,20,67
2,20,68
4,20,69
2,20,70
2,20,71
2,20,72
2,20,73
2,20,74
2,20,75
3,20,76
4,20,77
2,20,78
2,20,79
3,20,80
2,20,81
2,20,82
2,20,83
1,20,84
2,20,85
2,20,86
2,20,87
2,20,88
3,20,89
2,20,90
2,20,91
2,20,92
2,20,93
1,20,94
3,20,95
3,20,96
2,20,97
2,20,98
2,20,99
2,20,100
21,21,1
15,21,2
11,21,3
8,21,4
6,21,5
4,21,6
6,21,7
6,21,8
5,21,9
4,21,10
4,21,11
5,21,12
4,21,13
4,21,14
5,21,15
3,21,16
3,21,17
4,21,18
3,21,19
4,21,20
3,21,21
3,21,22
3,21,23
3,21,24
3,21,25
2,21,26
2,21,27
3,21,28
2,21,29
2,21,30
3,21,31
2,21,32
4,21,33
2,21,34
2,21,35
3,21,36
3,21,37
3,21,38
2,21,39
2,21,40
4,21,41
3,21,42
2,21,43
4,21,44
2,21,45
2,21,46
3,21,47
2,21,48
2,21,49
3,21,50
2,21,51
2,21,52
2,21,53
2,21,54
2,21,55
2,21,56
2,21,57
2,21,58
2,21,59
2,21,60
2,21,61
3,21,62
3,21,63
2,21,64
2,21,65
3,21,66
2,21,67
2,21,68
2,21,69
3,21,70
2,21,71
2,21,72
2,21,73
2,21,74
3,21,75
2,21,76
2,21,77
2,21,78
2,21,79
2,21,80
2,21,81
2,21,82
2,21,83
2,21,84
2,21,85
2,21,86
3,21,87
1,21,88
2,21,89
2,21,90
2,21,91
3,21,92
2,21,93
2,21,94
3,21,95
2,21,96
2,21,97
2,21,98
2,21,99
2,21,100
22,22,1
14,22,2
9,22,3
8,22,4
6,22,5
5,22,6
5,22,7
6,22,8
8,22,9
5,22,10
4,22,11
3,22,12
5,22,13
3,22,14
4,22,15
5,22,16
4,22,17
5,22,18
4,22,19
4,22,20
3,22,21
3,22,22
3,22,23
4,22,24
3,22,25
3,22,26
3,22,27
4,22,28
3,22,29
3,22,30
3,22,31
2,22,32
3,22,33
3,22,34
3,22,35
3,22,36
3,22,37
4,22,38
3,22,39
2,22,40
3,22,41
3,22,42
2,22,43
2,22,44
2,22,45
2,22,46
2,22,47
2,22,48
4,22,49
3,22,50
2,22,51
2,22,52
2,22,53
3,22,54
3,22,55
2,22,56
2,22,57
2,22,58
2,22,59
2,22,60
2,22,61
2,22,62
2,22,63
3,22,64
2,22,65
3,22,66
2,22,67
2,22,68
2,22,69
2,22,70
2,22,71
2,22,72
2,22,73
2,22,74
2,22,75
4,22,76
2,22,77
3,22,78
2,22,79
3,22,80
2,22,81
2,22,82
2,22,83
2,22,84
2,22,85
1,22,86
1,22,87
2,22,88
2,22,89
2,22,90
2,22,91
2,22,92
2,22,93
1,22,94
2,22,95
2,22,96
3,22,97
2,22,98
2,22,99
2,22,100
23,23,1
14,23,2
9,23,3
8,23,4
8,23,5
6,23,6
6,23,7
5,23,8
5,23,9
6,23,10
4,23,11
5,23,12
6,23,13
3,23,14
4,23,15
5,23,16
4,23,17
3,23,18
4,23,19
3,23,20
3,23,21
3,23,22
2,23,23
3,23,24
2,23,25
3,23,26
3,23,27
3,23,28
3,23,29
4,23,30
2,23,31
3,23,32
3,23,33
2,23,34
4,23,35
3,23,36
3,23,37
4,23,38
2,23,39
3,23,40
4,23,41
3,23,42
3,23,43
3,23,44
2,23,45
3,23,46
2,23,47
2,23,48
3,23,49
3,23,50
4,23,51
3,23,52
2,23,53
3,23,54
2,23,55
2,23,56
1,23,57
3,23,58
3,23,59
2,23,60
2,23,61
3,23,62
2,23,63
3,23,64
2,23,65
2,23,66
2,23,67
2,23,68
2,23,69
2,23,70
2,23,71
2,23,72
2,23,73
2,23,74
2,23,75
2,23,76
2,23,77
2,23,78
2,23,79
2,23,80
2,23,81
2,23,82
2,23,83
2,23,84
2,23,85
2,23,86
2,23,87
2,23,88
2,23,89
2,23,90
2,23,91
3,23,92
1,23,93
2,23,94
2,23,95
2,23,96
2,23,97
2,23,98
2,23,99
2,23,100
24,24,1
17,24,2
10,24,3
7,24,4
8,24,5
6,24,6
5,24,7
4,24,8
6,24,9
6,24,10
4,24,11
4,24,12
4,24,13
5,24,14
5,24,15
3,24,16
4,24,17
5,24,18
3,24,19
3,24,20
3,24,21
5,24,22
4,24,23
4,24,24
3,24,25
4,24,26
2,24,27
3,24,28
4,24,29
3,24,30
3,24,31
2,24,32
3,24,33
3,24,34
4,24,35
4,24,36
2,24,37
2,24,38
2,24,39
3,24,40
3,24,41
2,24,42
2,24,43
2,24,44
2,24,45
2,24,46
3,24,47
2,24,48
4,24,49
3,24,50
2,24,51
3,24,52
3,24,53
2,24,54
2,24,55
2,24,56
2,24,57
3,24,58
3,24,59
3,24,60
2,24,61
2,24,62
2,24,63
2,24,64
2,24,65
3,24,66
3,24,67
3,24,68
2,24,69
3,24,70
2,24,71
2,24,72
2,24,73
2,24,74
3,24,75
2,24,76
3,24,77
2,24,78
2,24,79
2,24,80
2,24,81
3,24,82
2,24,83
3,24,84
2,24,85
2,24,86
2,24,87
3,24,88
2,24,89
2,24,90
2,24,91
3,24,92
2,24,93
3,24,94
2,24,95
2,24,96
2,24,97
2,24,98
2,24,99
2,24,100
25,25,1
14,25,2
10,25,3
10,25,4
8,25,5
7,25,6
5,25,7
4,25,8
8,25,9
5,25,10
4,25,11
4,25,12
4,25,13
3,25,14
5,25,15
4,25,16
4,25,17
3,25,18
4,25,19
4,25,20
3,25,21
5,25,22
4,25,23
3,25,24
3,25,25
4,25,26
3,25,27
4,25,28
4,25,29
3,25,30
3,25,31
2,25,32
3,25,33
5,25,34
3,25,35
2,25,36
3,25,37
2,25,38
3,25,39
2,25,40
2,25,41
3,25,42
2,25,43
3,25,44
3,25,45
2,25,46
2,25,47
2,25,48
3,25,49
3,25,50
2,25,51
2,25,52
2,25,53
4,25,54
4,25,55
3,25,56
2,25,57
2,25,58
2,25,59
2,25,60
3,25,61
2,25,62
2,25,63
2,25,64
2,25,65
2,25,66
2,25,67
2,25,68
2,25,69
3,25,70
2,25,71
2,25,72
3,25,73
3,25,74
2,25,75
2,25,76
2,25,77
2,25,78
2,25,79
2,25,80
2,25,81
2,25,82
2,25,83
2,25,84
2,25,85
2,25,86
2,25,87
2,25,88
2,25,89
2,25,90
2,25,91
3,25,92
2,25,93
2,25,94
3,25,95
3,25,96
2,25,97
2,25,98
2,25,99
2,25,100
26,26,1
14,26,2
13,26,3
8,26,4
7,26,5
10,26,6
5,26,7
5,26,8
5,26,9
6,26,10
4,26,11
6,26,12
4,26,13
6,26,14
4,26,15
4,26,16
3,26,17
7,26,18
3,26,19
4,26,20
4,26,21
3,26,22
3,26,23
3,26,24
4,26,25
3,26,26
3,26,27
3,26,28
3,26,29
3,26,30
4,26,31
3,26,32
6,26,33
4,26,34
3,26,35
4,26,36
3,26,37
3,26,38
3,26,39
3,26,40
3,26,41
3,26,42
3,26,43
2,26,44
4,26,45
2,26,46
3,26,47
2,26,48
2,26,49
4,26,50
3,26,51
3,26,52
3,26,53
3,26,54
3,26,55
2,26,56
2,26,57
2,26,58
2,26,59
3,26,60
3,26,61
3,26,62
3,26,63
3,26,64
2,26,65
2,26,66
2,26,67
2,26,68
3,26,69
2,26,70
2,26,71
2,26,72
3,26,73
2,26,74
3,26,75
2,26,76
3,26,77
3,26,78
2,26,79
2,26,80
2,26,81
3,26,82
2,26,83
2,26,84
2,26,85
3,26,86
2,26,87
2,26,88
2,26,89
2,26,90
2,26,91
2,26,92
2,26,93
2,26,94
3,26,95
2,26,96
2,26,97
2,26,98
2,26,99
2,26,100
27,27,1
17,27,2
11,27,3
11,27,4
6,27,5
6,27,6
6,27,7
6,27,8
5,27,9
5,27,10
6,27,11
6,27,12
5,27,13
4,27,14
4,27,15
3,27,16
3,27,17
4,27,18
4,27,19
4,27,20
5,27,21
4,27,22
5,27,23
4,27,24
2,27,25
5,27,26
3,27,27
4,27,28
3,27,29
3,27,30
4,27,31
3,27,32
4,27,33
2,27,34
3,27,35
3,27,36
4,27,37
3,27,38
3,27,39
3,27,40
3,27,41
3,27,42
2,27,43
3,27,44
3,27,45
3,27,46
2,27,47
3,27,48
2,27,49
3,27,50
3,27,51
2,27,52
4,27,53
2,27,54
3,27,55
2,27,56
3,27,57
3,27,58
3,27,59
3,27,60
3,27,61
2,27,62
2,27,63
2,27,64
2,27,65
2,27,66
3,27,67
2,27,68
4,27,69
2,27,70
2,27,71
3,27,72
3,27,73
2,27,74
2,27,75
2,27,76
2,27,77
2,27,78
2,27,79
2,27,80
2,27,81
3,27,82
4,27,83
3,27,84
1,27,85
2,27,86
2,27,87
2,27,88
2,27,89
2,27,90
2,27,91
2,27,92
2,27,93
2,27,94
2,27,95
2,27,96
2,27,97
2,27,98
2,27,99
3,27,100
28,28,1
15,28,2
11,28,3
11,28,4
8,28,5
7,28,6
7,28,7
6,28,8
5,28,9
5,28,10
5,28,11
4,28,12
4,28,13
4,28,14
5,28,15
5,28,16
4,28,17
4,28,18
4,28,19
3,28,20
4,28,21
3,28,22
3,28,23
4,28,24
3,28,25
4,28,26
3,28,27
3,28,28
3,28,29
2,28,30
3,28,31
3,28,32
3,28,33
2,28,34
3,28,35
2,28,36
3,28,37
3,28,38
3,28,39
2,28,40
3,28,41
3,28,42
3,28,43
2,28,44
3,28,45
5,28,46
2,28,47
2,28,48
2,28,49
3,28,50
4,28,51
2,28,52
2,28,53
3,28,54
2,28,55
2,28,56
3,28,57
2,28,58
3,28,59
2,28,60
2,28,61
3,28,62
2,28,63
2,28,64
3,28,65
3,28,66
3,28,67
2,28,68
2,28,69
4,28,70
2,28,71
2,28,72
3,28,73
2,28,74
2,28,75
2,28,76
3,28,77
2,28,78
2,28,79
3,28,80
3,28,81
2,28,82
3,28,83
2,28,84
2,28,85
3,28,86
2,28,87
3,28,88
4,28,89
2,28,90
3,28,91
3,28,92
2,28,93
2,28,94
2,28,95
2,28,96
2,28,97
2,28,98
3,28,99
3,28,100
29,29,1
19,29,2
10,29,3
9,29,4
7,29,5
8,29,6
6,29,7
6,29,8
6,29,9
5,29,10
4,29,11
6,29,12
5,29,13
4,29,14
4,29,15
4,29,16
3,29,17
4,29,18
4,29,19
3,29,20
3,29,21
3,29,22
3,29,23
3,29,24
3,29,25
4,29,26
4,29,27
3,29,28
4,29,29
4,29,30
4,29,31
4,29,32
3,29,33
2,29,34
3,29,35
4,29,36
3,29,37
3,29,38
4,29,39
4,29,40
4,29,41
3,29,42
3,29,43
3,29,44
3,29,45
3,29,46
3,29,47
3,29,48
3,29,49
3,29,50
2,29,51
4,29,52
3,29,53
3,29,54
4,29,55
3,29,56
3,29,57
3,29,58
3,29,59
4,29,60
2,29,61
3,29,62
3,29,63
3,29,64
2,29,65
3,29,66
2,29,67
3,29,68
2,29,69
2,29,70
3,29,71
2,29,72
3,29,73
2,29,74
3,29,75
2,29,76
2,29,77
2,29,78
2,29,79
2,29,80
2,29,81
2,29,82
2,29,83
2,29,84
2,29,85
3,29,86
2,29,87
2,29,88
3,29,89
4,29,90
2,29,91
2,29,92
2,29,93
2,29,94
4,29,95
2,29,96
3,29,97
3,29,98
4,29,99
1,29,100
30,30,1
18,30,2
10,30,3
10,30,4
11,30,5
8,30,6
6,30,7
6,30,8
6,30,9
6,30,10
5,30,11
5,30,12
5,30,13
4,30,14
4,30,15
5,30,16
4,30,17
5,30,18
4,30,19
5,30,20
6,30,21
3,30,22
5,30,23
3,30,24
5,30,25
4,30,26
5,30,27
4,30,28
4,30,29
4,30,30
3,30,31
3,30,32
2,30,33
3,30,34
5,30,35
3,30,36
6,30,37
3,30,38
3,30,39
3,30,40
2,30,41
4,30,42
3,30,43
2,30,44
2,30,45
3,30,46
3,30,47
2,30,48
2,30,49
2,30,50
3,30,51
3,30,52
3,30,53
2,30,54
3,30,55
3,30,56
2,30,57
3,30,58
3,30,59
3,30,60
2,30,61
2,30,62
4,30,63
3,30,64
5,30,65
2,30,66
3,30,67
2,30,68
3,30,69
2,30,70
3,30,71
2,30,72
2,30,73
2,30,74
2,30,75
2,30,76
3,30,77
3,30,78
2,30,79
3,30,80
2,30,81
2,30,82
3,30,83
4,30,84
2,30,85
2,30,86
3,30,87
3,30,88
2,30,89
2,30,90
2,30,91
2,30,92
2,30,93
2,30,94
2,30,95
3,30,96
2,30,97
2,30,98
2,30,99
4,30,100
31,31,1
18,31,2
15,31,3
9,31,4
8,31,5
7,31,6
6,31,7
9,31,8
7,31,9
8,31,10
7,31,11
6,31,12
7,31,13
5,31,14
5,31,15
4,31,16
3,31,17
4,31,18
4,31,19
4,31,20
5,31,21
6,31,22
5,31,23
4,31,24
3,31,25
3,31,26
4,31,27
4,31,28
3,31,29
5,31,30
4,31,31
3,31,32
3,31,33
4,31,34
3,31,35
4,31,36
2,31,37
3,31,38
4,31,39
4,31,40
3,31,41
3,31,42
3,31,43
3,31,44
4,31,45
2,31,46
2,31,47
3,31,48
3,31,49
2,31,50
3,31,51
2,31,52
3,31,53
3,31,54
2,31,55
3,31,56
4,31,57
3,31,58
2,31,59
2,31,60
2,31,61
3,31,62
3,31,63
4,31,64
3,31,65
3,31,66
2,31,67
2,31,68
4,31,69
3,31,70
4,31,71
4,31,72
2,31,73
3,31,74
2,31,75
3,31,76
2,31,77
3,31,78
2,31,79
2,31,80
3,31,81
3,31,82
2,31,83
3,31,84
2,31,85
3,31,86
3,31,87
2,31,88
3,31,89
3,31,90
2,31,91
2,31,92
2,31,93
2,31,94
3,31,95
2,31,96
2,31,97
2,31,98
3,31,99
3,31,100
32,32,1
16,32,2
15,32,3
14,32,4
9,32,5
8,32,6
10,32,7
7,32,8
6,32,9
5,32,10
7,32,11
5,32,12
6,32,13
5,32,14
5,32,15
5,32,16
5,32,17
4,32,18
5,32,19
4,32,20
5,32,21
5,32,22
3,32,23
3,32,24
4,32,25
3,32,26
7,32,27
3,32,28
4,32,29
3,32,30
5,32,31
4,32,32
3,32,33
5,32,34
4,32,35
2,32,36
3,32,37
5,32,38
3,32,39
3,32,40
3,32,41
3,32,42
3,32,43
2,32,44
3,32,45
4,32,46
2,32,47
2,32,48
3,32,49
3,32,50
2,32,51
3,32,52
3,32,53
3,32,54
3,32,55
3,32,56
4,32,57
2,32,58
3,32,59
2,32,60
3,32,61
3,32,62
3,32,63
3,32,64
2,32,65
3,32,66
2,32,67
3,32,68
3,32,69
2,32,70
4,32,71
4,32,72
2,32,73
2,32,74
2,32,75
3,32,76
3,32,77
2,32,78
3,32,79
3,32,80
2,32,81
3,32,82
3,32,83
3,32,84
2,32,85
2,32,86
2,32,87
2,32,88
3,32,89
2,32,90
3,32,91
2,32,92
3,32,93
2,32,94
2,32,95
2,32,96
2,32,97
3,32,98
2,32,99
2,32,100
33,33,1
21,33,2
15,33,3
10,33,4
10,33,5
10,33,6
9,33,7
7,33,8
6,33,9
7,33,10
6,33,11
5,33,12
6,33,13
5,33,14
5,33,15
4,33,16
5,33,17
4,33,18
4,33,19
4,33,20
5,33,21
3,33,22
5,33,23
3,33,24
5,33,25
6,33,26
4,33,27
4,33,28
5,33,29
3,33,30
3,33,31
3,33,32
3,33,33
3,33,34
3,33,35
3,33,36
3,33,37
4,33,38
3,33,39
3,33,40
3,33,41
2,33,42
3,33,43
3,33,44
3,33,45
3,33,46
4,33,47
2,33,48
3,33,49
3,33,50
3,33,51
4,33,52
3,33,53
4,33,54
3,33,55
3,33,56
4,33,57
3,33,58
3,33,59
3,33,60
4,33,61
2,33,62
4,33,63
3,33,64
3,33,65
2,33,66
2,33,67
2,33,68
2,33,69
3,33,70
2,33,71
4,33,72
3,33,73
3,33,74
2,33,75
3,33,76
3,33,77
2,33,78
3,33,79
2,33,80
2,33,81
2,33,82
2,33,83
2,33,84
4,33,85
3,33,86
2,33,87
2,33,88
3,33,89
2,33,90
2,33,91
2,33,92
2,33,93
2,33,94
3,33,95
3,33,96
2,33,97
3,33,98
2,33,99
3,33,100
34,34,1
17,34,2
13,34,3
13,34,4
9,34,5
10,34,6
9,34,7
8,34,8
5,34,9
5,34,10
6,34,11
5,34,12
5,34,13
7,34,14
5,34,15
5,34,16
4,34,17
5,34,18
5,34,19
6,34,20
3,34,21
4,34,22
5,34,23
4,34,24
4,34,25
5,34,26
3,34,27
4,34,28
4,34,29
2,34,30
4,34,31
3,34,32
3,34,33
3,34,34
3,34,35
3,34,36
3,34,37
4,34,38
3,34,39
4,34,40
3,34,41
3,34,42
3,34,43
4,34,44
5,34,45
3,34,46
2,34,47
3,34,48
3,34,49
3,34,50
3,34,51
3,34,52
2,34,53
4,34,54
3,34,55
5,34,56
3,34,57
2,34,58
3,34,59
3,34,60
3,34,61
3,34,62
3,34,63
2,34,64
2,34,65
3,34,66
3,34,67
3,34,68
3,34,69
3,34,70
3,34,71
2,34,72
3,34,73
2,34,74
3,34,75
2,34,76
3,34,77
3,34,78
2,34,79
3,34,80
3,34,81
3,34,82
2,34,83
3,34,84
2,34,85
2,34,86
2,34,87
3,34,88
5,34,89
3,34,90
2,34,91
2,34,92
2,34,93
2,34,94
2,34,95
2,34,96
3,34,97
2,34,98
3,34,99
2,34,100
35,35,1
21,35,2
16,35,3
13,35,4
11,35,5
8,35,6
8,35,7
7,35,8
7,35,9
7,35,10
6,35,11
7,35,12
8,35,13
4,35,14
6,35,15
4,35,16
5,35,17
5,35,18
5,35,19
4,35,20
4,35,21
5,35,22
5,35,23
4,35,24
3,35,25
5,35,26
5,35,27
4,35,28
4,35,29
3,35,30
4,35,31
4,35,32
3,35,33
4,35,34
6,35,35
3,35,36
3,35,37
4,35,38
3,35,39
4,35,40
3,35,41
3,35,42
3,35,43
3,35,44
3,35,45
3,35,46
3,35,47
2,35,48
3,35,49
3,35,50
3,35,51
4,35,52
2,35,53
3,35,54
3,35,55
4,35,56
2,35,57
3,35,58
3,35,59
3,35,60
3,35,61
3,35,62
3,35,63
2,35,64
4,35,65
2,35,66
3,35,67
4,35,68
3,35,69
3,35,70
2,35,71
3,35,72
3,35,73
2,35,74
4,35,75
3,35,76
3,35,77
2,35,78
4,35,79
2,35,80
3,35,81
3,35,82
3,35,83
3,35,84
4,35,85
2,35,86
3,35,87
3,35,88
3,35,89
3,35,90
2,35,91
3,35,92
3,35,93
3,35,94
2,35,95
3,35,96
3,35,97
3,35,98
3,35,99
2,35,100
36,36,1
19,36,2
17,36,3
14,36,4
12,36,5
9,36,6
8,36,7
7,36,8
9,36,9
6,36,10
5,36,11
6,36,12
6,36,13
5,36,14
7,36,15
6,36,16
4,36,17
4,36,18
5,36,19
4,36,20
4,36,21
4,36,22
4,36,23
5,36,24
4,36,25
4,36,26
3,36,27
4,36,28
4,36,29
4,36,30
3,36,31
4,36,32
4,36,33
6,36,34
3,36,35
4,36,36
4,36,37
4,36,38
5,36,39
4,36,40
4,36,41
3,36,42
4,36,43
3,36,44
4,36,45
3,36,46
3,36,47
3,36,48
2,36,49
3,36,50
5,36,51
3,36,52
3,36,53
3,36,54
4,36,55
3,36,56
3,36,57
2,36,58
3,36,59
3,36,60
4,36,61
2,36,62
3,36,63
4,36,64
2,36,65
3,36,66
3,36,67
3,36,68
2,36,69
3,36,70
4,36,71
3,36,72
3,36,73
2,36,74
3,36,75
2,36,76
3,36,77
2,36,78
2,36,79
2,36,80
3,36,81
3,36,82
2,36,83
3,36,84
3,36,85
2,36,86
2,36,87
2,36,88
3,36,89
3,36,90
3,36,91
3,36,92
2,36,93
2,36,94
3,36,95
2,36,96
2,36,97
3,36,98
2,36,99
2,36,100
37,37,1
22,37,2
14,37,3
11,37,4
10,37,5
7,37,6
8,37,7
7,37,8
7,37,9
6,37,10
6,37,11
7,37,12
8,37,13
5,37,14
5,37,15
5,37,16
5,37,17
5,37,18
5,37,19
6,37,20
4,37,21
4,37,22
7,37,23
4,37,24
3,37,25
6,37,26
3,37,27
4,37,28
6,37,29
4,37,30
5,37,31
4,37,32
3,37,33
4,37,34
4,37,35
4,37,36
4,37,37
4,37,38
3,37,39
3,37,40
4,37,41
3,37,42
4,37,43
4,37,44
3,37,45
3,37,46
4,37,47
3,37,48
3,37,49
3,37,50
4,37,51
2,37,52
3,37,53
2,37,54
4,37,55
4,37,56
3,37,57
2,37,58
2,37,59
4,37,60
3,37,61
3,37,62
2,37,63
4,37,64
2,37,65
3,37,66
2,37,67
2,37,68
2,37,69
3,37,70
3,37,71
2,37,72
2,37,73
2,37,74
3,37,75
3,37,76
2,37,77
3,37,78
3,37,79
3,37,80
2,37,81
2,37,82
3,37,83
3,37,84
3,37,85
2,37,86
2,37,87
2,37,88
2,37,89
2,37,90
2,37,91
3,37,92
2,37,93
2,37,94
2,37,95
3,37,96
2,37,97
3,37,98
3,37,99
2,37,100
38,38,1
20,38,2
14,38,3
14,38,4
10,38,5
10,38,6
8,38,7
10,38,8
8,38,9
9,38,10
7,38,11
7,38,12
7,38,13
5,38,14
5,38,15
5,38,16
5,38,17
5,38,18
6,38,19
6,38,20
6,38,21
5,38,22
4,38,23
4,38,24
5,38,25
5,38,26
5,38,27
4,38,28
5,38,29
4,38,30
4,38,31
3,38,32
3,38,33
3,38,34
3,38,35
3,38,36
4,38,37
4,38,38
3,38,39
4,38,40
3,38,41
4,38,42
5,38,43
3,38,44
4,38,45
3,38,46
3,38,47
3,38,48
3,38,49
3,38,50
2,38,51
3,38,52
3,38,53
5,38,54
2,38,55
3,38,56
3,38,57
2,38,58
2,38,59
3,38,60
3,38,61
3,38,62
3,38,63
4,38,64
4,38,65
3,38,66
3,38,67
3,38,68
3,38,69
2,38,70
2,38,71
3,38,72
2,38,73
3,38,74
3,38,75
2,38,76
3,38,77
2,38,78
2,38,79
3,38,80
3,38,81
2,38,82
3,38,83
2,38,84
3,38,85
2,38,86
2,38,87
3,38,88
3,38,89
3,38,90
3,38,91
3,38,92
2,38,93
3,38,94
3,38,95
3,38,96
2,38,97
4,38,98
2,38,99
2,38,100
39,39,1
23,39,2
18,39,3
14,39,4
11,39,5
10,39,6
10,39,7
8,39,8
8,39,9
11,39,10
5,39,11
7,39,12
6,39,13
5,39,14
5,39,15
6,39,16
5,39,17
3,39,18
5,39,19
6,39,20
4,39,21
4,39,22
3,39,23
5,39,24
4,39,25
3,39,26
5,39,27
3,39,28
3,39,29
4,39,30
6,39,31
4,39,32
3,39,33
3,39,34
3,39,35
4,39,36
4,39,37
4,39,38
4,39,39
3,39,40
3,39,41
3,39,42
3,39,43
4,39,44
3,39,45
3,39,46
3,39,47
3,39,48
3,39,49
3,39,50
4,39,51
2,39,52
3,39,53
4,39,54
3,39,55
3,39,56
3,39,57
4,39,58
3,39,59
3,39,60
3,39,61
3,39,62
3,39,63
2,39,64
4,39,65
2,39,66
3,39,67
3,39,68
3,39,69
2,39,70
3,39,71
5,39,72
4,39,73
2,39,74
3,39,75
3,39,76
3,39,77
3,39,78
2,39,79
3,39,80
4,39,81
3,39,82
3,39,83
2,39,84
3,39,85
3,39,86
3,39,87
3,39,88
3,39,89
3,39,90
3,39,91
3,39,92
3,39,93
2,39,94
2,39,95
2,39,96
2,39,97
3,39,98
2,39,99
3,39,100
40,40,1
23,40,2
14,40,3
12,40,4
9,40,5
8,40,6
8,40,7
7,40,8
7,40,9
7,40,10
6,40,11
6,40,12
5,40,13
5,40,14
7,40,15
5,40,16
5,40,17
4,40,18
4,40,19
5,40,20
3,40,21
7,40,22
4,40,23
4,40,24
4,40,25
4,40,26
4,40,27
4,40,28
4,40,29
4,40,30
3,40,31
4,40,32
6,40,33
5,40,34
4,40,35
5,40,36
3,40,37
4,40,38
4,40,39
5,40,40
4,40,41
3,40,42
6,40,43
4,40,44
5,40,45
3,40,46
5,40,47
5,40,48
3,40,49
3,40,50
3,40,51
5,40,52
5,40,53
4,40,54
4,40,55
3,40,56
3,40,57
4,40,58
3,40,59
3,40,60
3,40,61
3,40,62
4,40,63
4,40,64
3,40,65
3,40,66
3,40,67
4,40,68
3,40,69
3,40,70
3,40,71
2,40,72
3,40,73
3,40,74
4,40,75
2,40,76
3,40,77
4,40,78
3,40,79
3,40,80
3,40,81
3,40,82
2,40,83
3,40,84
4,40,85
3,40,86
3,40,87
2,40,88
3,40,89
2,40,90
2,40,91
3,40,92
2,40,93
4,40,94
2,40,95
3,40,96
2,40,97
2,40,98
3,40,99
2,40,100
41,41,1
21,41,2
14,41,3
13,41,4
11,41,5
8,41,6
10,41,7
8,41,8
7,41,9
7,41,10
6,41,11
7,41,12
7,41,13
6,41,14
5,41,15
5,41,16
6,41,17
6,41,18
5,41,19
5,41,20
5,41,21
5,41,22
5,41,23
5,41,24
5,41,25
8,41,26
4,41,27
5,41,28
5,41,29
4,41,30
5,41,31
4,41,32
6,41,33
4,41,34
3,41,35
4,41,36
6,41,37
4,41,38
3,41,39
4,41,40
3,41,41
4,41,42
4,41,43
4,41,44
3,41,45
3,41,46
4,41,47
3,41,48
3,41,49
4,41,50
7,41,51
3,41,52
4,41,53
3,41,54
3,41,55
3,41,56
3,41,57
4,41,58
3,41,59
4,41,60
2,41,61
4,41,62
5,41,63
3,41,64
3,41,65
3,41,66
4,41,67
3,41,68
3,41,69
3,41,70
2,41,71
3,41,72
3,41,73
3,41,74
2,41,75
3,41,76
3,41,77
3,41,78
4,41,79
3,41,80
2,41,81
3,41,82
3,41,83
3,41,84
2,41,85
2,41,86
3,41,87
3,41,88
2,41,89
3,41,90
3,41,91
2,41,92
2,41,93
3,41,94
3,41,95
3,41,96
3,41,97
3,41,98
3,41,99
3,41,100
42,42,1
27,42,2
17,42,3
16,42,4
16,42,5
10,42,6
9,42,7
7,42,8
10,42,9
9,42,10
9,42,11
6,42,12
7,42,13
6,42,14
6,42,15
8,42,16
7,42,17
7,42,18
5,42,19
6,42,20
4,42,21
6,42,22
5,42,23
5,42,24
5,42,25
4,42,26
4,42,27
4,42,28
5,42,29
6,42,30
4,42,31
4,42,32
5,42,33
3,42,34
4,42,35
4,42,36
4,42,37
3,42,38
5,42,39
3,42,40
5,42,41
4,42,42
4,42,43
3,42,44
6,42,45
4,42,46
4,42,47
4,42,48
3,42,49
3,42,50
3,42,51
2,42,52
3,42,53
3,42,54
4,42,55
3,42,56
3,42,57
3,42,58
3,42,59
4,42,60
3,42,61
3,42,62
3,42,63
2,42,64
4,42,65
3,42,66
3,42,67
3,42,68
3,42,69
3,42,70
3,42,71
3,42,72
4,42,73
4,42,74
3,42,75
3,42,76
4,42,77
3,42,78
4,42,79
3,42,80
3,42,81
2,42,82
2,42,83
3,42,84
2,42,85
4,42,86
3,42,87
2,42,88
3,42,89
2,42,90
3,42,91
3,42,92
3,42,93
2,42,94
2,42,95
2,42,96
3,42,97
2,42,98
3,42,99
2,42,100
43,43,1
26,43,2
19,43,3
13,43,4
10,43,5
10,43,6
8,43,7
9,43,8
10,43,9
8,43,10
7,43,11
12,43,12
6,43,13
7,43,14
5,43,15
7,43,16
5,43,17
5,43,18
5,43,19
6,43,20
6,43,21
4,43,22
5,43,23
6,43,24
6,43,25
7,43,26
5,43,27
4,43,28
4,43,29
5,43,30
4,43,31
6,43,32
5,43,33
6,43,34
3,43,35
3,43,36
5,43,37
4,43,38
4,43,39
3,43,40
3,43,41
4,43,42
4,43,43
3,43,44
3,43,45
3,43,46
4,43,47
3,43,48
5,43,49
3,43,50
3,43,51
2,43,52
3,43,53
3,43,54
5,43,55
3,43,56
3,43,57
3,43,58
3,43,59
2,43,60
4,43,61
5,43,62
3,43,63
3,43,64
2,43,65
4,43,66
3,43,67
3,43,68
2,43,69
3,43,70
3,43,71
3,43,72
3,43,73
3,43,74
3,43,75
2,43,76
3,43,77
4,43,78
2,43,79
3,43,80
4,43,81
3,43,82
2,43,83
3,43,84
3,43,85
3,43,86
2,43,87
3,43,88
3,43,89
3,43,90
3,43,91
2,43,92
3,43,93
2,43,94
2,43,95
2,43,96
3,43,97
2,43,98
2,43,99
2,43,100
44,44,1
25,44,2
21,44,3
15,44,4
11,44,5
12,44,6
10,44,7
9,44,8
8,44,9
8,44,10
6,44,11
7,44,12
6,44,13
5,44,14
6,44,15
6,44,16
6,44,17
7,44,18
6,44,19
7,44,20
4,44,21
8,44,22
7,44,23
6,44,24
4,44,25
4,44,26
4,44,27
3,44,28
5,44,29
5,44,30
4,44,31
4,44,32
4,44,33
4,44,34
4,44,35
3,44,36
3,44,37
4,44,38
4,44,39
4,44,40
4,44,41
3,44,42
4,44,43
4,44,44
3,44,45
4,44,46
4,44,47
3,44,48
4,44,49
5,44,50
4,44,51
4,44,52
4,44,53
4,44,54
4,44,55
3,44,56
3,44,57
3,44,58
5,44,59
3,44,60
4,44,61
4,44,62
3,44,63
3,44,64
3,44,65
3,44,66
2,44,67
4,44,68
3,44,69
2,44,70
3,44,71
3,44,72
2,44,73
4,44,74
3,44,75
4,44,76
2,44,77
3,44,78
4,44,79
3,44,80
3,44,81
3,44,82
3,44,83
4,44,84
3,44,85
3,44,86
2,44,87
4,44,88
3,44,89
3,44,90
4,44,91
3,44,92
3,44,93
2,44,94
2,44,95
4,44,96
3,44,97
4,44,98
3,44,99
2,44,100
45,45,1
27,45,2
18,45,3
16,45,4
12,45,5
10,45,6
9,45,7
7,45,8
8,45,9
8,45,10
8,45,11
10,45,12
7,45,13
7,45,14
6,45,15
7,45,16
6,45,17
6,45,18
5,45,19
4,45,20
5,45,21
5,45,22
5,45,23
5,45,24
4,45,25
6,45,26
5,45,27
4,45,28
5,45,29
7,45,30
5,45,31
5,45,32
5,45,33
3,45,34
5,45,35
4,45,36
4,45,37
3,45,38
4,45,39
5,45,40
3,45,41
4,45,42
3,45,43
4,45,44
4,45,45
4,45,46
3,45,47
3,45,48
4,45,49
6,45,50
3,45,51
3,45,52
3,45,53
4,45,54
3,45,55
3,45,56
3,45,57
3,45,58
3,45,59
5,45,60
4,45,61
4,45,62
4,45,63
4,45,64
2,45,65
3,45,66
4,45,67
2,45,68
4,45,69
3,45,70
3,45,71
3,45,72
3,45,73
2,45,74
3,45,75
3,45,76
4,45,77
3,45,78
3,45,79
3,45,80
2,45,81
3,45,82
2,45,83
3,45,84
2,45,85
3,45,86
3,45,87
3,45,88
2,45,89
3,45,90
3,45,91
3,45,92
2,45,93
5,45,94
3,45,95
2,45,96
3,45,97
3,45,98
2,45,99
2,45,100
46,46,1
24,46,2
18,46,3
14,46,4
11,46,5
11,46,6
9,46,7
10,46,8
9,46,9
9,46,10
9,46,11
8,46,12
6,46,13
6,46,14
8,46,15
6,46,16
6,46,17
5,46,18
5,46,19
5,46,20
5,46,21
5,46,22
4,46,23
5,46,24
4,46,25
5,46,26
4,46,27
4,46,28
7,46,29
5,46,30
7,46,31
3,46,32
4,46,33
5,46,34
4,46,35
4,46,36
3,46,37
3,46,38
4,46,39
4,46,40
3,46,41
3,46,42
4,46,43
3,46,44
4,46,45
3,46,46
4,46,47
3,46,48
3,46,49
3,46,50
3,46,51
3,46,52
3,46,53
3,46,54
3,46,55
4,46,56
4,46,57
3,46,58
4,46,59
4,46,60
3,46,61
3,46,62
3,46,63
4,46,64
2,46,65
3,46,66
2,46,67
3,46,68
4,46,69
4,46,70
3,46,71
5,46,72
3,46,73
3,46,74
4,46,75
3,46,76
3,46,77
4,46,78
3,46,79
4,46,80
3,46,81
3,46,82
4,46,83
3,46,84
3,46,85
3,46,86
3,46,87
3,46,88
3,46,89
3,46,90
3,46,91
4,46,92
3,46,93
3,46,94
3,46,95
2,46,96
3,46,97
2,46,98
2,46,99
3,46,100
47,47,1
24,47,2
21,47,3
17,47,4
12,47,5
12,47,6
9,47,7
10,47,8
8,47,9
8,47,10
8,47,11
9,47,12
6,47,13
5,47,14
6,47,15
7,47,16
7,47,17
7,47,18
4,47,19
6,47,20
5,47,21
5,47,22
7,47,23
5,47,24
5,47,25
5,47,26
6,47,27
4,47,28
4,47,29
4,47,30
4,47,31
5,47,32
3,47,33
4,47,34
4,47,35
5,47,36
4,47,37
4,47,38
4,47,39
5,47,40
5,47,41
4,47,42
5,47,43
4,47,44
4,47,45
3,47,46
3,47,47
4,47,48
4,47,49
4,47,50
3,47,51
6,47,52
4,47,53
4,47,54
3,47,55
3,47,56
4,47,57
4,47,58
4,47,59
3,47,60
4,47,61
3,47,62
3,47,63
3,47,64
3,47,65
4,47,66
3,47,67
3,47,68
3,47,69
3,47,70
4,47,71
3,47,72
3,47,73
2,47,74
4,47,75
2,47,76
4,47,77
3,47,78
3,47,79
4,47,80
2,47,81
4,47,82
3,47,83
4,47,84
3,47,85
3,47,86
3,47,87
4,47,88
2,47,89
3,47,90
3,47,91
3,47,92
3,47,93
3,47,94
3,47,95
2,47,96
3,47,97
2,47,98
3,47,99
3,47,100
48,48,1
31,48,2
18,48,3
17,48,4
14,48,5
15,48,6
12,48,7
9,48,8
10,48,9
7,48,10
7,48,11
8,48,12
5,48,13
7,48,14
9,48,15
6,48,16
5,48,17
5,48,18
6,48,19
5,48,20
5,48,21
5,48,22
5,48,23
7,48,24
7,48,25
5,48,26
5,48,27
5,48,28
4,48,29
7,48,30
4,48,31
5,48,32
6,48,33
4,48,34
4,48,35
4,48,36
4,48,37
4,48,38
4,48,39
4,48,40
4,48,41
5,48,42
5,48,43
3,48,44
4,48,45
4,48,46
4,48,47
4,48,48
3,48,49
5,48,50
3,48,51
4,48,52
3,48,53
3,48,54
3,48,55
3,48,56
3,48,57
4,48,58
3,48,59
4,48,60
5,48,61
3,48,62
6,48,63
3,48,64
4,48,65
3,48,66
3,48,67
4,48,68
3,48,69
5,48,70
4,48,71
3,48,72
4,48,73
3,48,74
3,48,75
2,48,76
3,48,77
4,48,78
3,48,79
2,48,80
4,48,81
3,48,82
3,48,83
3,48,84
3,48,85
3,48,86
4,48,87
2,48,88
3,48,89
2,48,90
3,48,91
4,48,92
4,48,93
4,48,94
3,48,95
2,48,96
3,48,97
3,48,98
3,48,99
5,48,100
49,49,1
26,49,2
18,49,3
14,49,4
17,49,5
13,49,6
12,49,7
13,49,8
8,49,9
9,49,10
6,49,11
7,49,12
7,49,13
8,49,14
8,49,15
5,49,16
6,49,17
6,49,18
5,49,19
6,49,20
6,49,21
5,49,22
6,49,23
5,49,24
4,49,25
7,49,26
3,49,27
4,49,28
5,49,29
4,49,30
5,49,31
5,49,32
6,49,33
4,49,34
4,49,35
6,49,36
4,49,37
3,49,38
4,49,39
4,49,40
3,49,41
5,49,42
5,49,43
5,49,44
5,49,45
5,49,46
4,49,47
4,49,48
3,49,49
4,49,50
5,49,51
2,49,52
4,49,53
4,49,54
3,49,55
3,49,56
3,49,57
4,49,58
3,49,59
3,49,60
3,49,61
3,49,62
4,49,63
4,49,64
3,49,65
3,49,66
4,49,67
4,49,68
4,49,69
2,49,70
3,49,71
3,49,72
3,49,73
3,49,74
2,49,75
3,49,76
5,49,77
2,49,78
3,49,79
3,49,80
3,49,81
2,49,82
3,49,83
4,49,84
2,49,85
2,49,86
3,49,87
3,49,88
3,49,89
3,49,90
3,49,91
3,49,92
2,49,93
3,49,94
3,49,95
3,49,96
2,49,97
3,49,98
3,49,99
2,49,100
50,50,1
31,50,2
21,50,3
16,50,4
13,50,5
11,50,6
10,50,7
8,50,8
10,50,9
9,50,10
8,50,11
9,50,12
9,50,13
6,50,14
6,50,15
9,50,16
6,50,17
6,50,18
6,50,19
5,50,20
6,50,21
6,50,22
4,50,23
4,50,24
4,50,25
6,50,26
4,50,27
4,50,28
6,50,29
4,50,30
4,50,31
6,50,32
5,50,33
3,50,34
5,50,35
6,50,36
5,50,37
4,50,38
6,50,39
5,50,40
4,50,41
4,50,42
5,50,43
4,50,44
5,50,45
4,50,46
4,50,47
4,50,48
3,50,49
3,50,50
4,50,51
4,50,52
4,50,53
3,50,54
5,50,55
4,50,56
3,50,57
4,50,58
4,50,59
3,50,60
3,50,61
3,50,62
3,50,63
3,50,64
3,50,65
3,50,66
3,50,67
3,50,68
5,50,69
4,50,70
4,50,71
2,50,72
3,50,73
4,50,74
4,50,75
3,50,76
3,50,77
3,50,78
2,50,79
4,50,80
3,50,81
2,50,82
2,50,83
3,50,84
3,50,85
2,50,86
3,50,87
3,50,88
3,50,89
3,50,90
3,50,91
3,50,92
2,50,93
4,50,94
3,50,95
2,50,96
2,50,97
2,50,98
3,50,99
4,50,100
51,51,1
26,51,2
18,51,3
16,51,4
13,51,5
14,51,6
11,51,7
9,51,8
11,51,9
9,51,10
8,51,11
8,51,12
6,51,13
7,51,14
6,51,15
7,51,16
6,51,17
6,51,18
5,51,19
7,51,20
8,51,21
5,51,22
7,51,23
5,51,24
6,51,25
5,51,26
4,51,27
7,51,28
5,51,29
4,51,30
5,51,31
7,51,32
4,51,33
4,51,34
6,51,35
4,51,36
5,51,37
3,51,38
4,51,39
5,51,40
4,51,41
3,51,42
4,51,43
4,51,44
4,51,45
4,51,46
5,51,47
4,51,48
5,51,49
4,51,50
3,51,51
3,51,52
4,51,53
3,51,54
4,51,55
3,51,56
4,51,57
3,51,58
4,51,59
4,51,60
3,51,61
4,51,62
3,51,63
3,51,64
4,51,65
3,51,66
4,51,67
4,51,68
4,51,69
3,51,70
3,51,71
3,51,72
3,51,73
3,51,74
4,51,75
3,51,76
3,51,77
3,51,78
4,51,79
4,51,80
2,51,81
4,51,82
3,51,83
4,51,84
4,51,85
4,51,86
4,51,87
2,51,88
3,51,89
3,51,90
3,51,91
3,51,92
3,51,93
3,51,94
4,51,95
3,51,96
3,51,97
2,51,98
2,51,99
2,51,100
52,52,1
30,52,2
22,52,3
21,52,4
13,52,5
12,52,6
10,52,7
10,52,8
11,52,9
10,52,10
12,52,11
7,52,12
8,52,13
6,52,14
10,52,15
6,52,16
7,52,17
9,52,18
5,52,19
5,52,20
5,52,21
4,52,22
5,52,23
4,52,24
5,52,25
6,52,26
8,52,27
5,52,28
4,52,29
5,52,30
4,52,31
5,52,32
5,52,33
5,52,34
5,52,35
4,52,36
5,52,37
4,52,38
4,52,39
4,52,40
5,52,41
5,52,42
5,52,43
4,52,44
5,52,45
4,52,46
4,52,47
3,52,48
4,52,49
4,52,50
3,52,51
4,52,52
4,52,53
4,52,54
3,52,55
4,52,56
5,52,57
3,52,58
5,52,59
3,52,60
3,52,61
3,52,62
5,52,63
3,52,64
4,52,65
4,52,66
4,52,67
4,52,68
3,52,69
4,52,70
3,52,71
4,52,72
4,52,73
4,52,74
3,52,75
2,52,76
3,52,77
3,52,78
3,52,79
3,52,80
3,52,81
3,52,82
4,52,83
3,52,84
4,52,85
3,52,86
3,52,87
3,52,88
3,52,89
3,52,90
3,52,91
3,52,92
4,52,93
4,52,94
4,52,95
3,52,96
3,52,97
3,52,98
4,52,99
2,52,100
53,53,1
30,53,2
19,53,3
16,53,4
15,53,5
15,53,6
11,53,7
9,53,8
9,53,9
7,53,10
11,53,11
7,53,12
9,53,13
8,53,14
9,53,15
5,53,16
6,53,17
5,53,18
6,53,19
8,53,20
6,53,21
5,53,22
6,53,23
7,53,24
5,53,25
5,53,26
4,53,27
4,53,28
6,53,29
5,53,30
5,53,31
4,53,32
4,53,33
4,53,34
4,53,35
4,53,36
4,53,37
5,53,38
5,53,39
4,53,40
4,53,41
4,53,42
5,53,43
4,53,44
4,53,45
5,53,46
5,53,47
4,53,48
4,53,49
3,53,50
3,53,51
3,53,52
3,53,53
3,53,54
4,53,55
5,53,56
3,53,57
4,53,58
4,53,59
4,53,60
5,53,61
4,53,62
3,53,63
3,53,64
3,53,65
3,53,66
3,53,67
4,53,68
3,53,69
5,53,70
4,53,71
3,53,72
3,53,73
5,53,74
3,53,75
4,53,76
3,53,77
3,53,78
3,53,79
3,53,80
4,53,81
2,53,82
3,53,83
4,53,84
4,53,85
4,53,86
3,53,87
3,53,88
3,53,89
3,53,90
2,53,91
3,53,92
3,53,93
3,53,94
3,53,95
3,53,96
2,53,97
3,53,98
4,53,99
3,53,100
54,54,1
30,54,2
24,54,3
19,54,4
17,54,5
11,54,6
10,54,7
9,54,8
10,54,9
9,54,10
9,54,11
8,54,12
6,54,13
7,54,14
7,54,15
7,54,16
6,54,17
6,54,18
6,54,19
5,54,20
8,54,21
5,54,22
4,54,23
6,54,24
9,54,25
5,54,26
6,54,27
4,54,28
4,54,29
5,54,30
4,54,31
4,54,32
5,54,33
7,54,34
4,54,35
5,54,36
4,54,37
4,54,38
3,54,39
5,54,40
4,54,41
4,54,42
3,54,43
4,54,44
6,54,45
4,54,46
4,54,47
5,54,48
4,54,49
4,54,50
4,54,51
4,54,52
4,54,53
3,54,54
3,54,55
4,54,56
3,54,57
4,54,58
4,54,59
4,54,60
4,54,61
5,54,62
3,54,63
4,54,64
3,54,65
3,54,66
3,54,67
2,54,68
4,54,69
3,54,70
3,54,71
3,54,72
3,54,73
4,54,74
5,54,75
3,54,76
4,54,77
4,54,78
3,54,79
3,54,80
3,54,81
3,54,82
4,54,83
3,54,84
3,54,85
3,54,86
3,54,87
3,54,88
3,54,89
3,54,90
3,54,91
3,54,92
4,54,93
4,54,94
3,54,95
3,54,96
3,54,97
3,54,98
3,54,99
3,54,100
55,55,1
28,55,2
20,55,3
19,55,4
14,55,5
13,55,6
16,55,7
11,55,8
12,55,9
13,55,10
9,55,11
8,55,12
10,55,13
6,55,14
7,55,15
7,55,16
7,55,17
5,55,18
6,55,19
7,55,20
6,55,21
7,55,22
6,55,23
6,55,24
7,55,25
5,55,26
6,55,27
6,55,28
6,55,29
6,55,30
5,55,31
4,55,32
5,55,33
6,55,34
5,55,35
4,55,36
6,55,37
6,55,38
3,55,39
6,55,40
6,55,41
4,55,42
3,55,43
4,55,44
3,55,45
6,55,46
5,55,47
4,55,48
4,55,49
3,55,50
4,55,51
7,55,52
4,55,53
4,55,54
4,55,55
4,55,56
3,55,57
4,55,58
3,55,59
3,55,60
4,55,61
5,55,62
4,55,63
3,55,64
3,55,65
4,55,66
4,55,67
3,55,68
3,55,69
3,55,70
3,55,71
3,55,72
3,55,73
3,55,74
3,55,75
4,55,76
3,55,77
4,55,78
3,55,79
3,55,80
3,55,81
3,55,82
3,55,83
3,55,84
3,55,85
3,55,86
3,55,87
4,55,88
3,55,89
4,55,90
4,55,91
3,55,92
3,55,93
3,55,94
3,55,95
4,55,96
4,55,97
3,55,98
3,55,99
3,55,100
56,56,1
29,56,2
20,56,3
17,56,4
15,56,5
14,56,6
12,56,7
9,56,8
10,56,9
8,56,10
8,56,11
8,56,12
7,56,13
6,56,14
6,56,15
9,56,16
7,56,17
8,56,18
7,56,19
6,56,20
6,56,21
7,56,22
6,56,23
5,56,24
5,56,25
5,56,26
5,56,27
5,56,28
6,56,29
4,56,30
5,56,31
3,56,32
4,56,33
4,56,34
5,56,35
4,56,36
6,56,37
4,56,38
5,56,39
4,56,40
5,56,41
4,56,42
4,56,43
4,56,44
6,56,45
5,56,46
4,56,47
5,56,48
4,56,49
3,56,50
3,56,51
4,56,52
4,56,53
3,56,54
5,56,55
4,56,56
4,56,57
3,56,58
3,56,59
4,56,60
4,56,61
3,56,62
5,56,63
4,56,64
7,56,65
3,56,66
4,56,67
4,56,68
3,56,69
3,56,70
3,56,71
3,56,72
3,56,73
4,56,74
3,56,75
3,56,76
2,56,77
4,56,78
3,56,79
4,56,80
4,56,81
3,56,82
3,56,83
5,56,84
4,56,85
3,56,86
3,56,87
3,56,88
3,56,89
3,56,90
4,56,91
3,56,92
2,56,93
3,56,94
3,56,95
4,56,96
3,56,97
2,56,98
3,56,99
5,56,100
57,57,1
30,57,2
21,57,3
19,57,4
17,57,5
15,57,6
13,57,7
12,57,8
9,57,9
8,57,10
11,57,11
8,57,12
8,57,13
9,57,14
7,57,15
8,57,16
6,57,17
6,57,18
6,57,19
6,57,20
6,57,21
5,57,22
7,57,23
5,57,24
6,57,25
4,57,26
5,57,27
5,57,28
4,57,29
5,57,30
5,57,31
3,57,32
5,57,33
5,57,34
5,57,35
5,57,36
5,57,37
4,57,38
4,57,39
5,57,40
4,57,41
4,57,42
4,57,43
5,57,44
4,57,45
4,57,46
3,57,47
4,57,48
3,57,49
4,57,50
3,57,51
4,57,52
3,57,53
5,57,54
4,57,55
3,57,56
5,57,57
3,57,58
3,57,59
4,57,60
4,57,61
4,57,62
3,57,63
3,57,64
3,57,65
4,57,66
3,57,67
4,57,68
3,57,69
3,57,70
5,57,71
3,57,72
3,57,73
4,57,74
4,57,75
3,57,76
4,57,77
4,57,78
3,57,79
3,57,80
3,57,81
4,57,82
3,57,83
4,57,84
3,57,85
2,57,86
3,57,87
3,57,88
4,57,89
4,57,90
3,57,91
4,57,92
3,57,93
3,57,94
3,57,95
3,57,96
3,57,97
3,57,98
4,57,99
3,57,100
58,58,1
31,58,2
32,58,3
19,58,4
16,58,5
12,58,6
13,58,7
10,58,8
9,58,9
7,58,10
9,58,11
8,58,12
7,58,13
7,58,14
8,58,15
8,58,16
7,58,17
8,58,18
7,58,19
5,58,20
7,58,21
6,58,22
6,58,23
5,58,24
5,58,25
5,58,26
6,58,27
4,58,28
5,58,29
4,58,30
5,58,31
4,58,32
5,58,33
5,58,34
5,58,35
5,58,36
5,58,37
5,58,38
5,58,39
4,58,40
5,58,41
4,58,42
3,58,43
5,58,44
4,58,45
4,58,46
3,58,47
5,58,48
4,58,49
4,58,50
5,58,51
4,58,52
3,58,53
4,58,54
3,58,55
4,58,56
4,58,57
3,58,58
4,58,59
4,58,60
4,58,61
4,58,62
3,58,63
3,58,64
3,58,65
4,58,66
4,58,67
3,58,68
4,58,69
4,58,70
4,58,71
3,58,72
4,58,73
3,58,74
3,58,75
2,58,76
3,58,77
4,58,78
3,58,79
3,58,80
3,58,81
4,58,82
3,58,83
5,58,84
3,58,85
4,58,86
3,58,87
4,58,88
4,58,89
3,58,90
3,58,91
3,58,92
4,58,93
3,58,94
3,58,95
3,58,96
4,58,97
3,58,98
4,58,99
3,58,100
59,59,1
33,59,2
23,59,3
23,59,4
16,59,5
17,59,6
12,59,7
10,59,8
9,59,9
12,59,10
9,59,11
9,59,12
10,59,13
7,59,14
8,59,15
8,59,16
8,59,17
11,59,18
8,59,19
8,59,20
6,59,21
7,59,22
5,59,23
6,59,24
5,59,25
7,59,26
6,59,27
6,59,28
6,59,29
6,59,30
6,59,31
4,59,32
5,59,33
5,59,34
4,59,35
4,59,36
6,59,37
5,59,38
4,59,39
5,59,40
5,59,41
3,59,42
4,59,43
3,59,44
5,59,45
5,59,46
3,59,47
3,59,48
4,59,49
6,59,50
4,59,51
5,59,52
4,59,53
4,59,54
3,59,55
4,59,56
5,59,57
3,59,58
4,59,59
4,59,60
3,59,61
4,59,62
3,59,63
3,59,64
3,59,65
4,59,66
4,59,67
3,59,68
3,59,69
4,59,70
3,59,71
3,59,72
4,59,73
3,59,74
4,59,75
3,59,76
3,59,77
4,59,78
3,59,79
3,59,80
4,59,81
3,59,82
3,59,83
4,59,84
3,59,85
4,59,86
4,59,87
3,59,88
4,59,89
3,59,90
3,59,91
2,59,92
5,59,93
3,59,94
3,59,95
3,59,96
3,59,97
3,59,98
4,59,99
3,59,100
60,60,1
30,60,2
23,60,3
24,60,4
19,60,5
13,60,6
12,60,7
10,60,8
13,60,9
10,60,10
10,60,11
9,60,12
8,60,13
9,60,14
8,60,15
7,60,16
8,60,17
8,60,18
8,60,19
7,60,20
6,60,21
5,60,22
5,60,23
4,60,24
6,60,25
5,60,26
5,60,27
6,60,28
6,60,29
5,60,30
5,60,31
5,60,32
5,60,33
6,60,34
4,60,35
4,60,36
5,60,37
6,60,38
5,60,39
5,60,40
4,60,41
3,60,42
5,60,43
4,60,44
4,60,45
4,60,46
3,60,47
6,60,48
5,60,49
5,60,50
5,60,51
3,60,52
3,60,53
4,60,54
3,60,55
5,60,56
4,60,57
7,60,58
4,60,59
4,60,60
4,60,61
5,60,62
4,60,63
4,60,64
4,60,65
3,60,66
3,60,67
4,60,68
4,60,69
4,60,70
4,60,71
3,60,72
3,60,73
4,60,74
3,60,75
3,60,76
4,60,77
4,60,78
2,60,79
3,60,80
3,60,81
3,60,82
4,60,83
3,60,84
4,60,85
4,60,86
3,60,87
4,60,88
3,60,89
3,60,90
3,60,91
4,60,92
4,60,93
3,60,94
3,60,95
3,60,96
3,60,97
3,60,98
2,60,99
3,60,100
61,61,1
32,61,2
24,61,3
20,61,4
16,61,5
12,61,6
15,61,7
11,61,8
11,61,9
9,61,10
8,61,11
8,61,12
6,61,13
10,61,14
8,61,15
9,61,16
6,61,17
6,61,18
6,61,19
6,61,20
7,61,21
8,61,22
7,61,23
6,61,24
7,61,25
6,61,26
6,61,27
5,61,28
6,61,29
6,61,30
6,61,31
6,61,32
6,61,33
6,61,34
7,61,35
4,61,36
5,61,37
5,61,38
6,61,39
6,61,40
5,61,41
3,61,42
5,61,43
4,61,44
4,61,45
4,61,46
4,61,47
5,61,48
4,61,49
5,61,50
4,61,51
4,61,52
3,61,53
4,61,54
5,61,55
4,61,56
4,61,57
4,61,58
3,61,59
4,61,60
4,61,61
4,61,62
3,61,63
6,61,64
3,61,65
3,61,66
3,61,67
4,61,68
3,61,69
4,61,70
4,61,71
3,61,72
3,61,73
4,61,74
3,61,75
4,61,76
3,61,77
3,61,78
4,61,79
5,61,80
3,61,81
4,61,82
3,61,83
3,61,84
3,61,85
3,61,86
3,61,87
4,61,88
4,61,89
3,61,90
4,61,91
3,61,92
3,61,93
3,61,94
4,61,95
2,61,96
2,61,97
3,61,98
2,61,99
3,61,100
62,62,1
31,62,2
26,62,3
23,62,4
16,62,5
13,62,6
12,62,7
13,62,8
13,62,9
10,62,10
10,62,11
10,62,12
8,62,13
11,62,14
8,62,15
8,62,16
7,62,17
8,62,18
7,62,19
8,62,20
7,62,21
6,62,22
6,62,23
6,62,24
5,62,25
6,62,26
6,62,27
5,62,28
5,62,29
5,62,30
8,62,31
5,62,32
4,62,33
4,62,34
4,62,35
4,62,36
5,62,37
4,62,38
5,62,39
5,62,40
4,62,41
4,62,42
5,62,43
6,62,44
3,62,45
6,62,46
4,62,47
4,62,48
4,62,49
4,62,50
4,62,51
5,62,52
4,62,53
3,62,54
4,62,55
5,62,56
3,62,57
5,62,58
3,62,59
4,62,60
3,62,61
4,62,62
5,62,63
4,62,64
4,62,65
3,62,66
3,62,67
4,62,68
3,62,69
3,62,70
4,62,71
3,62,72
3,62,73
4,62,74
5,62,75
4,62,76
4,62,77
3,62,78
4,62,79
3,62,80
3,62,81
3,62,82
4,62,83
3,62,84
3,62,85
4,62,86
3,62,87
4,62,88
2,62,89
3,62,90
3,62,91
4,62,92
3,62,93
4,62,94
4,62,95
3,62,96
5,62,97
3,62,98
3,62,99
3,62,100
63,63,1
32,63,2
25,63,3
19,63,4
18,63,5
13,63,6
17,63,7
12,63,8
14,63,9
10,63,10
11,63,11
10,63,12
7,63,13
9,63,14
7,63,15
8,63,16
7,63,17
8,63,18
8,63,19
7,63,20
9,63,21
6,63,22
6,63,23
6,63,24
5,63,25
4,63,26
5,63,27
5,63,28
4,63,29
6,63,30
5,63,31
5,63,32
5,63,33
6,63,34
5,63,35
6,63,36
5,63,37
4,63,38
4,63,39
5,63,40
5,63,41
4,63,42
4,63,43
6,63,44
4,63,45
4,63,46
4,63,47
5,63,48
4,63,49
4,63,50
4,63,51
3,63,52
3,63,53
5,63,54
5,63,55
4,63,56
4,63,57
6,63,58
4,63,59
3,63,60
4,63,61
4,63,62
4,63,63
3,63,64
4,63,65
3,63,66
4,63,67
4,63,68
5,63,69
3,63,70
3,63,71
5,63,72
3,63,73
3,63,74
3,63,75
5,63,76
3,63,77
3,63,78
3,63,79
4,63,80
4,63,81
3,63,82
3,63,83
5,63,84
4,63,85
3,63,86
4,63,87
3,63,88
3,63,89
5,63,90
3,63,91
3,63,92
3,63,93
3,63,94
4,63,95
3,63,96
2,63,97
3,63,98
3,63,99
3,63,100
64,64,1
35,64,2
22,64,3
19,64,4
21,64,5
14,64,6
17,64,7
13,64,8
9,64,9
9,64,10
12,64,11
11,64,12
10,64,13
8,64,14
8,64,15
9,64,16
10,64,17
7,64,18
8,64,19
8,64,20
5,64,21
6,64,22
6,64,23
6,64,24
5,64,25
6,64,26
5,64,27
5,64,28
5,64,29
5,64,30
5,64,31
6,64,32
5,64,33
4,64,34
4,64,35
6,64,36
8,64,37
5,64,38
4,64,39
4,64,40
4,64,41
6,64,42
4,64,43
3,64,44
4,64,45
5,64,46
6,64,47
6,64,48
4,64,49
5,64,50
4,64,51
5,64,52
4,64,53
4,64,54
4,64,55
4,64,56
4,64,57
4,64,58
4,64,59
5,64,60
3,64,61
4,64,62
4,64,63
4,64,64
4,64,65
4,64,66
4,64,67
5,64,68
5,64,69
4,64,70
4,64,71
3,64,72
3,64,73
3,64,74
3,64,75
4,64,76
3,64,77
3,64,78
4,64,79
4,64,80
4,64,81
3,64,82
3,64,83
3,64,84
3,64,85
3,64,86
3,64,87
4,64,88
3,64,89
4,64,90
3,64,91
4,64,92
3,64,93
3,64,94
4,64,95
4,64,96
5,64,97
3,64,98
3,64,99
4,64,100
65,65,1
37,65,2
24,65,3
18,65,4
15,65,5
14,65,6
12,65,7
10,65,8
11,65,9
10,65,10
9,65,11
9,65,12
8,65,13
13,65,14
11,65,15
9,65,16
9,65,17
7,65,18
6,65,19
7,65,20
6,65,21
5,65,22
8,65,23
9,65,24
4,65,25
6,65,26
7,65,27
7,65,28
5,65,29
6,65,30
4,65,31
5,65,32
8,65,33
5,65,34
5,65,35
5,65,36
6,65,37
5,65,38
8,65,39
6,65,40
4,65,41
4,65,42
6,65,43
4,65,44
4,65,45
7,65,46
4,65,47
5,65,48
4,65,49
4,65,50
5,65,51
4,65,52
4,65,53
5,65,54
4,65,55
4,65,56
4,65,57
4,65,58
3,65,59
3,65,60
4,65,61
4,65,62
3,65,63
4,65,64
3,65,65
3,65,66
4,65,67
4,65,68
3,65,69
4,65,70
4,65,71
3,65,72
4,65,73
6,65,74
4,65,75
3,65,76
3,65,77
3,65,78
4,65,79
2,65,80
4,65,81
4,65,82
4,65,83
4,65,84
6,65,85
3,65,86
3,65,87
4,65,88
4,65,89
3,65,90
3,65,91
4,65,92
3,65,93
3,65,94
3,65,95
3,65,96
3,65,97
3,65,98
4,65,99
3,65,100
66,66,1
35,66,2
26,66,3
21,66,4
15,66,5
13,66,6
14,66,7
14,66,8
11,66,9
10,66,10
10,66,11
11,66,12
10,66,13
10,66,14
8,66,15
8,66,16
8,66,17
7,66,18
8,66,19
6,66,20
8,66,21
8,66,22
8,66,23
6,66,24
7,66,25
7,66,26
4,66,27
5,66,28
7,66,29
6,66,30
4,66,31
5,66,32
5,66,33
4,66,34
6,66,35
5,66,36
7,66,37
5,66,38
6,66,39
6,66,40
5,66,41
4,66,42
6,66,43
5,66,44
5,66,45
4,66,46
4,66,47
4,66,48
5,66,49
4,66,50
4,66,51
4,66,52
4,66,53
4,66,54
4,66,55
5,66,56
4,66,57
4,66,58
4,66,59
3,66,60
4,66,61
5,66,62
8,66,63
5,66,64
4,66,65
4,66,66
4,66,67
4,66,68
6,66,69
5,66,70
4,66,71
3,66,72
3,66,73
4,66,74
3,66,75
4,66,76
4,66,77
3,66,78
4,66,79
3,66,80
3,66,81
4,66,82
3,66,83
4,66,84
4,66,85
3,66,86
4,66,87
3,66,88
4,66,89
3,66,90
3,66,91
3,66,92
3,66,93
3,66,94
4,66,95
4,66,96
4,66,97
3,66,98
5,66,99
4,66,100
67,67,1
34,67,2
26,67,3
21,67,4
17,67,5
16,67,6
13,67,7
14,67,8
10,67,9
8,67,10
9,67,11
9,67,12
9,67,13
7,67,14
8,67,15
10,67,16
7,67,17
7,67,18
6,67,19
7,67,20
6,67,21
9,67,22
6,67,23
6,67,24
5,67,25
11,67,26
6,67,27
5,67,28
6,67,29
8,67,30
8,67,31
5,67,32
5,67,33
5,67,34
7,67,35
5,67,36
6,67,37
4,67,38
5,67,39
4,67,40
4,67,41
8,67,42
7,67,43
4,67,44
5,67,45
6,67,46
5,67,47
4,67,48
5,67,49
5,67,50
5,67,51
4,67,52
4,67,53
3,67,54
4,67,55
5,67,56
4,67,57
3,67,58
5,67,59
4,67,60
4,67,61
3,67,62
5,67,63
4,67,64
3,67,65
5,67,66
3,67,67
4,67,68
4,67,69
5,67,70
5,67,71
4,67,72
4,67,73
3,67,74
4,67,75
4,67,76
4,67,77
3,67,78
5,67,79
5,67,80
3,67,81
4,67,82
3,67,83
5,67,84
4,67,85
5,67,86
3,67,87
4,67,88
6,67,89
3,67,90
5,67,91
4,67,92
3,67,93
5,67,94
3,67,95
3,67,96
3,67,97
3,67,98
4,67,99
3,67,100
68,68,1
35,68,2
30,68,3
21,68,4
22,68,5
16,68,6
13,68,7
14,68,8
13,68,9
11,68,10
10,68,11
9,68,12
9,68,13
9,68,14
9,68,15
8,68,16
8,68,17
10,68,18
7,68,19
7,68,20
6,68,21
6,68,22
6,68,23
6,68,24
5,68,25
5,68,26
6,68,27
7,68,28
5,68,29
5,68,30
6,68,31
5,68,32
5,68,33
5,68,34
4,68,35
6,68,36
5,68,37
5,68,38
7,68,39
3,68,40
5,68,41
4,68,42
4,68,43
4,68,44
5,68,45
5,68,46
5,68,47
5,68,48
5,68,49
5,68,50
3,68,51
4,68,52
4,68,53
4,68,54
4,68,55
4,68,56
5,68,57
6,68,58
4,68,59
4,68,60
5,68,61
4,68,62
5,68,63
5,68,64
5,68,65
3,68,66
4,68,67
3,68,68
5,68,69
5,68,70
5,68,71
3,68,72
4,68,73
4,68,74
4,68,75
3,68,76
5,68,77
6,68,78
4,68,79
4,68,80
3,68,81
4,68,82
3,68,83
3,68,84
4,68,85
5,68,86
5,68,87
4,68,88
4,68,89
5,68,90
4,68,91
5,68,92
4,68,93
3,68,94
4,68,95
3,68,96
3,68,97
5,68,98
3,68,99
3,68,100
69,69,1
36,69,2
25,69,3
23,69,4
19,69,5
15,69,6
12,69,7
15,69,8
12,69,9
9,69,10
11,69,11
11,69,12
11,69,13
9,69,14
7,69,15
8,69,16
9,69,17
10,69,18
7,69,19
7,69,20
7,69,21
8,69,22
5,69,23
6,69,24
6,69,25
5,69,26
6,69,27
7,69,28
5,69,29
6,69,30
5,69,31
7,69,32
4,69,33
7,69,34
5,69,35
4,69,36
5,69,37
5,69,38
4,69,39
4,69,40
7,69,41
4,69,42
6,69,43
5,69,44
4,69,45
4,69,46
4,69,47
5,69,48
4,69,49
6,69,50
5,69,51
6,69,52
5,69,53
5,69,54
4,69,55
4,69,56
3,69,57
4,69,58
4,69,59
5,69,60
3,69,61
4,69,62
5,69,63
4,69,64
4,69,65
5,69,66
4,69,67
5,69,68
4,69,69
6,69,70
7,69,71
5,69,72
4,69,73
4,69,74
3,69,75
4,69,76
4,69,77
3,69,78
4,69,79
3,69,80
3,69,81
4,69,82
4,69,83
5,69,84
3,69,85
3,69,86
3,69,87
3,69,88
3,69,89
3,69,90
4,69,91
3,69,92
3,69,93
3,69,94
4,69,95
4,69,96
3,69,97
3,69,98
3,69,99
3,69,100
70,70,1
36,70,2
26,70,3
19,70,4
21,70,5
15,70,6
14,70,7
12,70,8
11,70,9
10,70,10
11,70,11
16,70,12
9,70,13
8,70,14
7,70,15
7,70,16
10,70,17
7,70,18
7,70,19
8,70,20
7,70,21
7,70,22
7,70,23
7,70,24
5,70,25
6,70,26
7,70,27
5,70,28
5,70,29
6,70,30
6,70,31
4,70,32
6,70,33
5,70,34
6,70,35
6,70,36
4,70,37
6,70,38
5,70,39
4,70,40
7,70,41
5,70,42
7,70,43
6,70,44
5,70,45
6,70,46
6,70,47
5,70,48
5,70,49
4,70,50
5,70,51
4,70,52
5,70,53
4,70,54
5,70,55
4,70,56
5,70,57
4,70,58
4,70,59
3,70,60
5,70,61
4,70,62
3,70,63
3,70,64
5,70,65
4,70,66
4,70,67
4,70,68
3,70,69
4,70,70
5,70,71
3,70,72
4,70,73
4,70,74
4,70,75
4,70,76
4,70,77
4,70,78
4,70,79
3,70,80
5,70,81
3,70,82
3,70,83
4,70,84
4,70,85
4,70,86
3,70,87
4,70,88
4,70,89
4,70,90
3,70,91
5,70,92
3,70,93
4,70,94
3,70,95
4,70,96
3,70,97
3,70,98
4,70,99
4,70,100
71,71,1
38,71,2
26,71,3
22,71,4
18,71,5
16,71,6
13,71,7
11,71,8
11,71,9
13,71,10
12,71,11
9,71,12
9,71,13
8,71,14
9,71,15
8,71,16
7,71,17
9,71,18
7,71,19
8,71,20
6,71,21
6,71,22
9,71,23
7,71,24
7,71,25
6,71,26
6,71,27
6,71,28
9,71,29
6,71,30
7,71,31
5,71,32
7,71,33
7,71,34
4,71,35
4,71,36
7,71,37
5,71,38
4,71,39
5,71,40
4,71,41
4,71,42
6,71,43
5,71,44
4,71,45
5,71,46
8,71,47
4,71,48
4,71,49
5,71,50
5,71,51
4,71,52
4,71,53
4,71,54
5,71,55
4,71,56
4,71,57
5,71,58
5,71,59
5,71,60
5,71,61
4,71,62
6,71,63
4,71,64
3,71,65
5,71,66
4,71,67
4,71,68
5,71,69
5,71,70
6,71,71
4,71,72
4,71,73
3,71,74
4,71,75
4,71,76
4,71,77
4,71,78
4,71,79
4,71,80
4,71,81
6,71,82
4,71,83
3,71,84
4,71,85
4,71,86
3,71,87
3,71,88
3,71,89
4,71,90
4,71,91
5,71,92
4,71,93
4,71,94
3,71,95
4,71,96
4,71,97
4,71,98
4,71,99
5,71,100
72,72,1
42,72,2
31,72,3
22,72,4
18,72,5
15,72,6
14,72,7
13,72,8
12,72,9
11,72,10
11,72,11
10,72,12
8,72,13
10,72,14
9,72,15
11,72,16
9,72,17
9,72,18
7,72,19
14,72,20
8,72,21
7,72,22
8,72,23
8,72,24
7,72,25
6,72,26
7,72,27
7,72,28
6,72,29
7,72,30
9,72,31
6,72,32
6,72,33
8,72,34
5,72,35
5,72,36
7,72,37
7,72,38
5,72,39
5,72,40
7,72,41
4,72,42
4,72,43
4,72,44
5,72,45
6,72,46
5,72,47
4,72,48
6,72,49
6,72,50
6,72,51
4,72,52
4,72,53
3,72,54
4,72,55
4,72,56
6,72,57
5,72,58
4,72,59
4,72,60
4,72,61
6,72,62
5,72,63
5,72,64
5,72,65
4,72,66
3,72,67
4,72,68
3,72,69
4,72,70
3,72,71
4,72,72
5,72,73
3,72,74
3,72,75
3,72,76
4,72,77
3,72,78
3,72,79
4,72,80
3,72,81
4,72,82
4,72,83
4,72,84
4,72,85
4,72,86
5,72,87
5,72,88
3,72,89
3,72,90
4,72,91
4,72,92
3,72,93
5,72,94
3,72,95
3,72,96
4,72,97
5,72,98
4,72,99
3,72,100
73,73,1
44,73,2
29,73,3
19,73,4
24,73,5
17,73,6
15,73,7
14,73,8
12,73,9
10,73,10
10,73,11
10,73,12
12,73,13
9,73,14
7,73,15
8,73,16
8,73,17
9,73,18
8,73,19
8,73,20
7,73,21
6,73,22
6,73,23
7,73,24
6,73,25
6,73,26
5,73,27
6,73,28
9,73,29
6,73,30
5,73,31
7,73,32
7,73,33
7,73,34
6,73,35
5,73,36
6,73,37
5,73,38
4,73,39
5,73,40
4,73,41
5,73,42
5,73,43
4,73,44
5,73,45
4,73,46
5,73,47
5,73,48
4,73,49
5,73,50
4,73,51
6,73,52
4,73,53
4,73,54
5,73,55
5,73,56
4,73,57
4,73,58
4,73,59
4,73,60
4,73,61
4,73,62
3,73,63
4,73,64
4,73,65
4,73,66
3,73,67
4,73,68
4,73,69
4,73,70
3,73,71
5,73,72
3,73,73
3,73,74
4,73,75
5,73,76
4,73,77
3,73,78
4,73,79
4,73,80
4,73,81
4,73,82
4,73,83
3,73,84
4,73,85
5,73,86
3,73,87
3,73,88
4,73,89
4,73,90
3,73,91
3,73,92
4,73,93
4,73,94
4,73,95
4,73,96
3,73,97
3,73,98
3,73,99
3,73,100
74,74,1
37,74,2
29,74,3
27,74,4
20,74,5
15,74,6
13,74,7
14,74,8
11,74,9
12,74,10
9,74,11
11,74,12
10,74,13
10,74,14
9,74,15
7,74,16
7,74,17
9,74,18
8,74,19
9,74,20
8,74,21
5,74,22
8,74,23
6,74,24
9,74,25
7,74,26
6,74,27
6,74,28
7,74,29
5,74,30
6,74,31
5,74,32
5,74,33
5,74,34
5,74,35
6,74,36
5,74,37
6,74,38
5,74,39
4,74,40
6,74,41
5,74,42
7,74,43
6,74,44
6,74,45
4,74,46
6,74,47
5,74,48
4,74,49
4,74,50
6,74,51
6,74,52
4,74,53
4,74,54
4,74,55
5,74,56
4,74,57
5,74,58
4,74,59
4,74,60
5,74,61
5,74,62
5,74,63
4,74,64
4,74,65
4,74,66
4,74,67
4,74,68
3,74,69
4,74,70
5,74,71
4,74,72
4,74,73
4,74,74
4,74,75
4,74,76
5,74,77
4,74,78
4,74,79
5,74,80
5,74,81
4,74,82
3,74,83
4,74,84
4,74,85
4,74,86
5,74,87
4,74,88
4,74,89
5,74,90
4,74,91
4,74,92
3,74,93
5,74,94
3,74,95
4,74,96
4,74,97
4,74,98
4,74,99
3,74,100
75,75,1
40,75,2
32,75,3
23,75,4
23,75,5
20,75,6
14,75,7
13,75,8
13,75,9
11,75,10
12,75,11
9,75,12
10,75,13
11,75,14
9,75,15
7,75,16
7,75,17
8,75,18
9,75,19
9,75,20
8,75,21
8,75,22
6,75,23
6,75,24
7,75,25
6,75,26
6,75,27
6,75,28
4,75,29
6,75,30
6,75,31
6,75,32
6,75,33
6,75,34
6,75,35
5,75,36
6,75,37
6,75,38
5,75,39
6,75,40
7,75,41
4,75,42
5,75,43
5,75,44
6,75,45
5,75,46
4,75,47
4,75,48
4,75,49
4,75,50
4,75,51
7,75,52
5,75,53
6,75,54
4,75,55
4,75,56
4,75,57
4,75,58
3,75,59
5,75,60
4,75,61
4,75,62
4,75,63
4,75,64
4,75,65
3,75,66
4,75,67
4,75,68
5,75,69
4,75,70
5,75,71
4,75,72
4,75,73
4,75,74
4,75,75
4,75,76
4,75,77
3,75,78
5,75,79
4,75,80
5,75,81
5,75,82
4,75,83
4,75,84
4,75,85
3,75,86
4,75,87
4,75,88
4,75,89
4,75,90
5,75,91
3,75,92
4,75,93
3,75,94
3,75,95
3,75,96
5,75,97
4,75,98
4,75,99
4,75,100
76,76,1
39,76,2
29,76,3
30,76,4
19,76,5
18,76,6
16,76,7
12,76,8
14,76,9
12,76,10
12,76,11
9,76,12
10,76,13
10,76,14
11,76,15
8,76,16
8,76,17
7,76,18
8,76,19
7,76,20
9,76,21
9,76,22
9,76,23
6,76,24
8,76,25
6,76,26
6,76,27
6,76,28
5,76,29
6,76,30
5,76,31
6,76,32
5,76,33
6,76,34
6,76,35
5,76,36
6,76,37
6,76,38
6,76,39
4,76,40
6,76,41
5,76,42
4,76,43
7,76,44
5,76,45
6,76,46
5,76,47
4,76,48
5,76,49
5,76,50
5,76,51
4,76,52
4,76,53
4,76,54
5,76,55
5,76,56
5,76,57
5,76,58
4,76,59
5,76,60
5,76,61
4,76,62
4,76,63
3,76,64
3,76,65
6,76,66
5,76,67
5,76,68
5,76,69
4,76,70
4,76,71
4,76,72
3,76,73
3,76,74
4,76,75
5,76,76
4,76,77
5,76,78
4,76,79
4,76,80
4,76,81
6,76,82
3,76,83
5,76,84
4,76,85
6,76,86
5,76,87
4,76,88
3,76,89
3,76,90
3,76,91
3,76,92
4,76,93
4,76,94
3,76,95
3,76,96
3,76,97
4,76,98
3,76,99
3,76,100
77,77,1
41,77,2
33,77,3
24,77,4
20,77,5
21,77,6
16,77,7
13,77,8
13,77,9
11,77,10
11,77,11
12,77,12
8,77,13
11,77,14
9,77,15
7,77,16
7,77,17
8,77,18
7,77,19
7,77,20
6,77,21
8,77,22
6,77,23
6,77,24
6,77,25
7,77,26
6,77,27
8,77,28
8,77,29
6,77,30
6,77,31
6,77,32
6,77,33
6,77,34
7,77,35
5,77,36
6,77,37
4,77,38
7,77,39
7,77,40
5,77,41
6,77,42
6,77,43
6,77,44
5,77,45
5,77,46
5,77,47
4,77,48
4,77,49
5,77,50
5,77,51
6,77,52
4,77,53
5,77,54
4,77,55
4,77,56
6,77,57
5,77,58
3,77,59
5,77,60
3,77,61
4,77,62
5,77,63
4,77,64
3,77,65
5,77,66
5,77,67
4,77,68
4,77,69
5,77,70
3,77,71
4,77,72
4,77,73
4,77,74
4,77,75
4,77,76
4,77,77
5,77,78
4,77,79
5,77,80
4,77,81
4,77,82
3,77,83
4,77,84
4,77,85
4,77,86
3,77,87
4,77,88
3,77,89
5,77,90
4,77,91
3,77,92
3,77,93
4,77,94
4,77,95
3,77,96
3,77,97
4,77,98
4,77,99
3,77,100
78,78,1
41,78,2
32,78,3
23,78,4
24,78,5
16,78,6
14,78,7
14,78,8
13,78,9
12,78,10
11,78,11
11,78,12
10,78,13
10,78,14
11,78,15
9,78,16
8,78,17
8,78,18
7,78,19
7,78,20
10,78,21
7,78,22
7,78,23
6,78,24
7,78,25
6,78,26
7,78,27
9,78,28
6,78,29
7,78,30
6,78,31
5,78,32
5,78,33
5,78,34
6,78,35
5,78,36
8,78,37
5,78,38
6,78,39
5,78,40
7,78,41
5,78,42
5,78,43
6,78,44
7,78,45
4,78,46
5,78,47
5,78,48
6,78,49
4,78,50
4,78,51
4,78,52
4,78,53
4,78,54
5,78,55
6,78,56
4,78,57
4,78,58
4,78,59
4,78,60
5,78,61
6,78,62
4,78,63
4,78,64
4,78,65
4,78,66
5,78,67
3,78,68
5,78,69
4,78,70
4,78,71
4,78,72
4,78,73
4,78,74
6,78,75
4,78,76
4,78,77
3,78,78
5,78,79
4,78,80
4,78,81
5,78,82
3,78,83
4,78,84
3,78,85
5,78,86
3,78,87
3,78,88
3,78,89
4,78,90
3,78,91
3,78,92
3,78,93
4,78,94
3,78,95
6,78,96
4,78,97
3,78,98
3,78,99
3,78,100
79,79,1
42,79,2
34,79,3
24,79,4
19,79,5
21,79,6
15,79,7
14,79,8
13,79,9
13,79,10
10,79,11
12,79,12
11,79,13
10,79,14
11,79,15
8,79,16
9,79,17
8,79,18
8,79,19
7,79,20
8,79,21
7,79,22
7,79,23
7,79,24
6,79,25
6,79,26
7,79,27
7,79,28
6,79,29
8,79,30
5,79,31
7,79,32
6,79,33
6,79,34
6,79,35
7,79,36
5,79,37
5,79,38
5,79,39
4,79,40
6,79,41
6,79,42
5,79,43
5,79,44
5,79,45
4,79,46
6,79,47
4,79,48
6,79,49
4,79,50
4,79,51
5,79,52
4,79,53
5,79,54
5,79,55
4,79,56
4,79,57
5,79,58
4,79,59
7,79,60
7,79,61
5,79,62
5,79,63
5,79,64
4,79,65
5,79,66
5,79,67
4,79,68
5,79,69
5,79,70
4,79,71
6,79,72
4,79,73
4,79,74
3,79,75
4,79,76
3,79,77
3,79,78
3,79,79
3,79,80
5,79,81
5,79,82
5,79,83
3,79,84
5,79,85
4,79,86
3,79,87
4,79,88
5,79,89
4,79,90
5,79,91
4,79,92
4,79,93
3,79,94
4,79,95
4,79,96
3,79,97
3,79,98
5,79,99
4,79,100
80,80,1
47,80,2
30,80,3
23,80,4
19,80,5
16,80,6
16,80,7
13,80,8
12,80,9
11,80,10
10,80,11
9,80,12
12,80,13
10,80,14
8,80,15
9,80,16
10,80,17
9,80,18
7,80,19
9,80,20
7,80,21
8,80,22
7,80,23
7,80,24
6,80,25
7,80,26
7,80,27
5,80,28
7,80,29
6,80,30
5,80,31
5,80,32
5,80,33
5,80,34
8,80,35
7,80,36
6,80,37
5,80,38
7,80,39
5,80,40
5,80,41
5,80,42
5,80,43
6,80,44
6,80,45
4,80,46
4,80,47
5,80,48
5,80,49
5,80,50
5,80,51
5,80,52
4,80,53
5,80,54
5,80,55
5,80,56
6,80,57
4,80,58
4,80,59
3,80,60
6,80,61
4,80,62
6,80,63
4,80,64
4,80,65
4,80,66
4,80,67
5,80,68
4,80,69
5,80,70
5,80,71
4,80,72
5,80,73
4,80,74
4,80,75
3,80,76
5,80,77
4,80,78
4,80,79
5,80,80
4,80,81
4,80,82
4,80,83
6,80,84
4,80,85
5,80,86
4,80,87
3,80,88
4,80,89
3,80,90
5,80,91
5,80,92
3,80,93
3,80,94
3,80,95
4,80,96
4,80,97
3,80,98
3,80,99
4,80,100
81,81,1
41,81,2
28,81,3
24,81,4
19,81,5
15,81,6
19,81,7
14,81,8
14,81,9
12,81,10
11,81,11
9,81,12
10,81,13
11,81,14
8,81,15
8,81,16
10,81,17
7,81,18
14,81,19
8,81,20
8,81,21
8,81,22
6,81,23
8,81,24
6,81,25
7,81,26
7,81,27
6,81,28
8,81,29
8,81,30
8,81,31
5,81,32
7,81,33
7,81,34
6,81,35
5,81,36
5,81,37
6,81,38
7,81,39
7,81,40
5,81,41
5,81,42
6,81,43
5,81,44
6,81,45
5,81,46
4,81,47
4,81,48
5,81,49
4,81,50
4,81,51
6,81,52
6,81,53
5,81,54
5,81,55
5,81,56
6,81,57
6,81,58
7,81,59
4,81,60
4,81,61
5,81,62
5,81,63
5,81,64
3,81,65
6,81,66
4,81,67
5,81,68
6,81,69
5,81,70
6,81,71
5,81,72
5,81,73
4,81,74
4,81,75
5,81,76
4,81,77
4,81,78
4,81,79
5,81,80
5,81,81
3,81,82
5,81,83
3,81,84
5,81,85
3,81,86
5,81,87
3,81,88
3,81,89
4,81,90
4,81,91
4,81,92
3,81,93
4,81,94
4,81,95
4,81,96
4,81,97
4,81,98
4,81,99
5,81,100
82,82,1
43,82,2
33,82,3
27,82,4
23,82,5
19,82,6
16,82,7
17,82,8
16,82,9
13,82,10
13,82,11
10,82,12
12,82,13
11,82,14
10,82,15
9,82,16
8,82,17
9,82,18
10,82,19
7,82,20
7,82,21
9,82,22
8,82,23
8,82,24
7,82,25
7,82,26
7,82,27
8,82,28
8,82,29
8,82,30
5,82,31
6,82,32
5,82,33
8,82,34
7,82,35
6,82,36
5,82,37
6,82,38
6,82,39
5,82,40
4,82,41
6,82,42
6,82,43
5,82,44
5,82,45
6,82,46
6,82,47
6,82,48
6,82,49
5,82,50
5,82,51
5,82,52
4,82,53
5,82,54
5,82,55
5,82,56
4,82,57
4,82,58
4,82,59
5,82,60
4,82,61
4,82,62
4,82,63
4,82,64
5,82,65
4,82,66
6,82,67
5,82,68
5,82,69
8,82,70
5,82,71
4,82,72
6,82,73
4,82,74
4,82,75
3,82,76
5,82,77
4,82,78
4,82,79
4,82,80
4,82,81
5,82,82
4,82,83
5,82,84
3,82,85
3,82,86
3,82,87
4,82,88
4,82,89
5,82,90
4,82,91
3,82,92
5,82,93
5,82,94
4,82,95
4,82,96
5,82,97
3,82,98
6,82,99
4,82,100
83,83,1
48,83,2
34,83,3
27,83,4
23,83,5
19,83,6
19,83,7
16,83,8
14,83,9
17,83,10
10,83,11
11,83,12
14,83,13
10,83,14
13,83,15
9,83,16
9,83,17
11,83,18
9,83,19
8,83,20
8,83,21
8,83,22
8,83,23
8,83,24
8,83,25
7,83,26
6,83,27
8,83,28
6,83,29
6,83,30
6,83,31
7,83,32
5,83,33
7,83,34
6,83,35
7,83,36
5,83,37
6,83,38
6,83,39
6,83,40
6,83,41
6,83,42
6,83,43
5,83,44
6,83,45
4,83,46
7,83,47
5,83,48
6,83,49
6,83,50
5,83,51
6,83,52
5,83,53
5,83,54
4,83,55
4,83,56
4,83,57
5,83,58
7,83,59
5,83,60
4,83,61
4,83,62
4,83,63
4,83,64
5,83,65
4,83,66
4,83,67
4,83,68
5,83,69
5,83,70
5,83,71
5,83,72
5,83,73
4,83,74
4,83,75
4,83,76
4,83,77
5,83,78
4,83,79
4,83,80
5,83,81
4,83,82
3,83,83
4,83,84
3,83,85
4,83,86
4,83,87
5,83,88
6,83,89
4,83,90
4,83,91
3,83,92
3,83,93
3,83,94
5,83,95
3,83,96
3,83,97
3,83,98
3,83,99
3,83,100
84,84,1
46,84,2
32,84,3
23,84,4
23,84,5
18,84,6
16,84,7
14,84,8
17,84,9
14,84,10
10,84,11
10,84,12
10,84,13
9,84,14
11,84,15
12,84,16
7,84,17
13,84,18
11,84,19
8,84,20
9,84,21
6,84,22
9,84,23
10,84,24
6,84,25
6,84,26
6,84,27
7,84,28
6,84,29
8,84,30
7,84,31
9,84,32
6,84,33
7,84,34
6,84,35
5,84,36
5,84,37
5,84,38
5,84,39
6,84,40
5,84,41
7,84,42
6,84,43
7,84,44
5,84,45
6,84,46
4,84,47
4,84,48
5,84,49
4,84,50
6,84,51
5,84,52
5,84,53
5,84,54
4,84,55
4,84,56
6,84,57
6,84,58
5,84,59
6,84,60
5,84,61
5,84,62
4,84,63
4,84,64
5,84,65
4,84,66
4,84,67
4,84,68
4,84,69
4,84,70
5,84,71
4,84,72
4,84,73
4,84,74
5,84,75
4,84,76
5,84,77
4,84,78
4,84,79
3,84,80
6,84,81
5,84,82
6,84,83
4,84,84
4,84,85
4,84,86
3,84,87
4,84,88
4,84,89
5,84,90
4,84,91
4,84,92
3,84,93
5,84,94
4,84,95
3,84,96
4,84,97
3,84,98
5,84,99
3,84,100
85,85,1
45,85,2
35,85,3
25,85,4
20,85,5
23,85,6
15,85,7
14,85,8
13,85,9
12,85,10
12,85,11
10,85,12
9,85,13
13,85,14
11,85,15
8,85,16
10,85,17
9,85,18
9,85,19
10,85,20
10,85,21
9,85,22
8,85,23
8,85,24
6,85,25
7,85,26
6,85,27
6,85,28
7,85,29
6,85,30
6,85,31
6,85,32
8,85,33
5,85,34
6,85,35
5,85,36
7,85,37
8,85,38
6,85,39
5,85,40
6,85,41
6,85,42
5,85,43
5,85,44
5,85,45
6,85,46
4,85,47
7,85,48
4,85,49
5,85,50
5,85,51
7,85,52
6,85,53
4,85,54
4,85,55
6,85,56
4,85,57
5,85,58
5,85,59
5,85,60
4,85,61
5,85,62
4,85,63
5,85,64
5,85,65
4,85,66
5,85,67
4,85,68
4,85,69
5,85,70
5,85,71
4,85,72
5,85,73
4,85,74
4,85,75
4,85,76
5,85,77
4,85,78
4,85,79
4,85,80
3,85,81
4,85,82
4,85,83
3,85,84
4,85,85
4,85,86
5,85,87
3,85,88
4,85,89
4,85,90
5,85,91
4,85,92
3,85,93
4,85,94
3,85,95
4,85,96
4,85,97
4,85,98
4,85,99
4,85,100
86,86,1
46,86,2
41,86,3
26,86,4
24,86,5
19,86,6
15,86,7
16,86,8
15,86,9
11,86,10
13,86,11
13,86,12
12,86,13
9,86,14
10,86,15
9,86,16
12,86,17
8,86,18
8,86,19
11,86,20
7,86,21
8,86,22
11,86,23
6,86,24
8,86,25
8,86,26
6,86,27
8,86,28
7,86,29
8,86,30
6,86,31
6,86,32
7,86,33
7,86,34
6,86,35
6,86,36
5,86,37
5,86,38
6,86,39
5,86,40
4,86,41
6,86,42
5,86,43
6,86,44
5,86,45
7,86,46
5,86,47
5,86,48
6,86,49
5,86,50
6,86,51
5,86,52
5,86,53
4,86,54
6,86,55
5,86,56
5,86,57
3,86,58
5,86,59
5,86,60
4,86,61
4,86,62
4,86,63
4,86,64
4,86,65
4,86,66
5,86,67
4,86,68
5,86,69
4,86,70
4,86,71
4,86,72
5,86,73
4,86,74
4,86,75
5,86,76
5,86,77
4,86,78
4,86,79
3,86,80
4,86,81
5,86,82
5,86,83
5,86,84
4,86,85
5,86,86
4,86,87
4,86,88
4,86,89
5,86,90
4,86,91
4,86,92
3,86,93
4,86,94
3,86,95
4,86,96
3,86,97
3,86,98
4,86,99
4,86,100
87,87,1
44,87,2
31,87,3
26,87,4
19,87,5
22,87,6
21,87,7
17,87,8
14,87,9
10,87,10
12,87,11
11,87,12
11,87,13
12,87,14
10,87,15
9,87,16
10,87,17
9,87,18
9,87,19
9,87,20
9,87,21
8,87,22
6,87,23
7,87,24
7,87,25
8,87,26
8,87,27
7,87,28
5,87,29
7,87,30
6,87,31
7,87,32
5,87,33
6,87,34
7,87,35
5,87,36
7,87,37
5,87,38
6,87,39
5,87,40
6,87,41
5,87,42
6,87,43
7,87,44
5,87,45
5,87,46
5,87,47
5,87,48
5,87,49
5,87,50
6,87,51
5,87,52
5,87,53
5,87,54
4,87,55
5,87,56
5,87,57
4,87,58
4,87,59
4,87,60
5,87,61
5,87,62
5,87,63
6,87,64
5,87,65
6,87,66
4,87,67
4,87,68
5,87,69
6,87,70
4,87,71
4,87,72
5,87,73
4,87,74
5,87,75
4,87,76
4,87,77
4,87,78
5,87,79
6,87,80
3,87,81
4,87,82
5,87,83
3,87,84
4,87,85
5,87,86
4,87,87
4,87,88
3,87,89
4,87,90
6,87,91
3,87,92
5,87,93
5,87,94
3,87,95
4,87,96
4,87,97
4,87,98
4,87,99
5,87,100
88,88,1
46,88,2
41,88,3
25,88,4
20,88,5
20,88,6
16,88,7
16,88,8
14,88,9
13,88,10
14,88,11
12,88,12
15,88,13
10,88,14
10,88,15
10,88,16
11,88,17
9,88,18
9,88,19
9,88,20
10,88,21
7,88,22
7,88,23
9,88,24
7,88,25
8,88,26
7,88,27
7,88,28
6,88,29
6,88,30
7,88,31
6,88,32
7,88,33
6,88,34
6,88,35
7,88,36
6,88,37
5,88,38
6,88,39
6,88,40
5,88,41
4,88,42
5,88,43
7,88,44
6,88,45
5,88,46
6,88,47
5,88,48
5,88,49
6,88,50
4,88,51
5,88,52
5,88,53
6,88,54
4,88,55
6,88,56
5,88,57
4,88,58
5,88,59
5,88,60
5,88,61
4,88,62
4,88,63
4,88,64
4,88,65
6,88,66
4,88,67
5,88,68
5,88,69
4,88,70
5,88,71
3,88,72
4,88,73
5,88,74
5,88,75
4,88,76
4,88,77
5,88,78
4,88,79
5,88,80
3,88,81
4,88,82
4,88,83
4,88,84
6,88,85
4,88,86
5,88,87
3,88,88
4,88,89
3,88,90
4,88,91
3,88,92
4,88,93
5,88,94
4,88,95
4,88,96
3,88,97
4,88,98
4,88,99
4,88,100
89,89,1
59,89,2
32,89,3
25,89,4
21,89,5
20,89,6
20,89,7
13,89,8
15,89,9
16,89,10
15,89,11
11,89,12
11,89,13
11,89,14
9,89,15
8,89,16
12,89,17
8,89,18
9,89,19
8,89,20
12,89,21
7,89,22
7,89,23
7,89,24
9,89,25
6,89,26
7,89,27
6,89,28
5,89,29
9,89,30
6,89,31
6,89,32
7,89,33
6,89,34
6,89,35
5,89,36
8,89,37
7,89,38
5,89,39
5,89,40
6,89,41
5,89,42
7,89,43
7,89,44
5,89,45
5,89,46
6,89,47
5,89,48
5,89,49
6,89,50
5,89,51
6,89,52
5,89,53
5,89,54
5,89,55
6,89,56
5,89,57
4,89,58
5,89,59
5,89,60
5,89,61
4,89,62
5,89,63
6,89,64
4,89,65
5,89,66
6,89,67
5,89,68
5,89,69
4,89,70
4,89,71
5,89,72
4,89,73
7,89,74
5,89,75
4,89,76
4,89,77
5,89,78
4,89,79
5,89,80
5,89,81
4,89,82
5,89,83
4,89,84
4,89,85
4,89,86
5,89,87
4,89,88
3,89,89
5,89,90
4,89,91
5,89,92
4,89,93
4,89,94
4,89,95
5,89,96
4,89,97
4,89,98
5,89,99
5,89,100
90,90,1
48,90,2
33,90,3
29,90,4
26,90,5
18,90,6
19,90,7
16,90,8
14,90,9
17,90,10
15,90,11
11,90,12
11,90,13
10,90,14
14,90,15
12,90,16
8,90,17
11,90,18
8,90,19
11,90,20
9,90,21
8,90,22
7,90,23
8,90,24
11,90,25
8,90,26
6,90,27
6,90,28
8,90,29
6,90,30
6,90,31
6,90,32
6,90,33
7,90,34
7,90,35
5,90,36
6,90,37
5,90,38
6,90,39
7,90,40
7,90,41
6,90,42
7,90,43
6,90,44
6,90,45
6,90,46
5,90,47
5,90,48
6,90,49
5,90,50
4,90,51
5,90,52
5,90,53
5,90,54
5,90,55
5,90,56
4,90,57
5,90,58
4,90,59
6,90,60
7,90,61
4,90,62
3,90,63
5,90,64
4,90,65
5,90,66
6,90,67
4,90,68
4,90,69
4,90,70
6,90,71
4,90,72
4,90,73
4,90,74
3,90,75
4,90,76
4,90,77
4,90,78
4,90,79
4,90,80
3,90,81
4,90,82
4,90,83
4,90,84
4,90,85
4,90,86
4,90,87
3,90,88
4,90,89
5,90,90
5,90,91
4,90,92
6,90,93
4,90,94
6,90,95
4,90,96
5,90,97
3,90,98
3,90,99
4,90,100
91,91,1
51,91,2
32,91,3
30,91,4
22,91,5
19,91,6
14,91,7
15,91,8
15,91,9
14,91,10
13,91,11
10,91,12
11,91,13
11,91,14
11,91,15
11,91,16
10,91,17
8,91,18
10,91,19
9,91,20
8,91,21
10,91,22
7,91,23
12,91,24
8,91,25
6,91,26
7,91,27
8,91,28
6,91,29
7,91,30
8,91,31
6,91,32
8,91,33
6,91,34
7,91,35
8,91,36
6,91,37
5,91,38
5,91,39
6,91,40
4,91,41
7,91,42
5,91,43
5,91,44
5,91,45
6,91,46
6,91,47
6,91,48
4,91,49
5,91,50
6,91,51
5,91,52
5,91,53
5,91,54
5,91,55
5,91,56
5,91,57
4,91,58
6,91,59
7,91,60
5,91,61
5,91,62
4,91,63
5,91,64
7,91,65
5,91,66
4,91,67
5,91,68
5,91,69
4,91,70
4,91,71
4,91,72
4,91,73
5,91,74
4,91,75
5,91,76
4,91,77
5,91,78
5,91,79
4,91,80
3,91,81
3,91,82
4,91,83
5,91,84
4,91,85
4,91,86
4,91,87
3,91,88
4,91,89
4,91,90
4,91,91
4,91,92
6,91,93
4,91,94
5,91,95
4,91,96
4,91,97
4,91,98
6,91,99
4,91,100
92,92,1
50,92,2
35,92,3
26,92,4
24,92,5
22,92,6
21,92,7
16,92,8
13,92,9
13,92,10
16,92,11
13,92,12
12,92,13
10,92,14
9,92,15
11,92,16
10,92,17
10,92,18
9,92,19
10,92,20
9,92,21
8,92,22
7,92,23
9,92,24
8,92,25
6,92,26
7,92,27
7,92,28
8,92,29
8,92,30
6,92,31
7,92,32
8,92,33
6,92,34
8,92,35
6,92,36
7,92,37
6,92,38
6,92,39
6,92,40
5,92,41
6,92,42
6,92,43
6,92,44
5,92,45
5,92,46
5,92,47
6,92,48
4,92,49
5,92,50
4,92,51
4,92,52
6,92,53
4,92,54
5,92,55
6,92,56
5,92,57
6,92,58
6,92,59
7,92,60
5,92,61
4,92,62
7,92,63
5,92,64
4,92,65
6,92,66
4,92,67
5,92,68
6,92,69
5,92,70
4,92,71
5,92,72
4,92,73
5,92,74
4,92,75
5,92,76
4,92,77
4,92,78
4,92,79
4,92,80
5,92,81
5,92,82
4,92,83
4,92,84
4,92,85
5,92,86
4,92,87
5,92,88
5,92,89
3,92,90
6,92,91
5,92,92
4,92,93
4,92,94
3,92,95
5,92,96
4,92,97
4,92,98
4,92,99
4,92,100
93,93,1
52,93,2
36,93,3
30,93,4
24,93,5
18,93,6
17,93,7
15,93,8
14,93,9
13,93,10
12,93,11
10,93,12
11,93,13
11,93,14
10,93,15
10,93,16
10,93,17
9,93,18
10,93,19
9,93,20
9,93,21
9,93,22
10,93,23
7,93,24
7,93,25
8,93,26
7,93,27
9,93,28
10,93,29
6,93,30
8,93,31
8,93,32
8,93,33
8,93,34
6,93,35
7,93,36
6,93,37
7,93,38
6,93,39
5,93,40
7,93,41
6,93,42
6,93,43
6,93,44
6,93,45
5,93,46
5,93,47
5,93,48
6,93,49
8,93,50
5,93,51
5,93,52
6,93,53
5,93,54
6,93,55
4,93,56
7,93,57
6,93,58
5,93,59
5,93,60
5,93,61
6,93,62
6,93,63
4,93,64
5,93,65
4,93,66
5,93,67
4,93,68
7,93,69
6,93,70
4,93,71
5,93,72
4,93,73
5,93,74
5,93,75
4,93,76
5,93,77
5,93,78
6,93,79
4,93,80
4,93,81
6,93,82
4,93,83
4,93,84
6,93,85
4,93,86
4,93,87
5,93,88
4,93,89
4,93,90
4,93,91
4,93,92
4,93,93
3,93,94
4,93,95
5,93,96
4,93,97
4,93,98
4,93,99
4,93,100
94,94,1
51,94,2
36,94,3
29,94,4
23,94,5
19,94,6
20,94,7
21,94,8
13,94,9
17,94,10
13,94,11
12,94,12
12,94,13
11,94,14
9,94,15
10,94,16
8,94,17
10,94,18
10,94,19
8,94,20
10,94,21
10,94,22
7,94,23
8,94,24
7,94,25
9,94,26
8,94,27
7,94,28
7,94,29
6,94,30
6,94,31
7,94,32
8,94,33
6,94,34
6,94,35
8,94,36
7,94,37
7,94,38
6,94,39
6,94,40
5,94,41
6,94,42
6,94,43
5,94,44
5,94,45
6,94,46
5,94,47
6,94,48
5,94,49
6,94,50
6,94,51
8,94,52
6,94,53
5,94,54
6,94,55
5,94,56
6,94,57
5,94,58
5,94,59
4,94,60
5,94,61
4,94,62
4,94,63
6,94,64
5,94,65
4,94,66
6,94,67
4,94,68
5,94,69
4,94,70
4,94,71
6,94,72
4,94,73
5,94,74
5,94,75
5,94,76
4,94,77
4,94,78
4,94,79
5,94,80
4,94,81
4,94,82
4,94,83
4,94,84
4,94,85
5,94,86
4,94,87
4,94,88
5,94,89
3,94,90
4,94,91
3,94,92
4,94,93
4,94,94
4,94,95
6,94,96
4,94,97
5,94,98
3,94,99
3,94,100
95,95,1
53,95,2
34,95,3
32,95,4
21,95,5
22,95,6
20,95,7
19,95,8
13,95,9
14,95,10
12,95,11
11,95,12
10,95,13
11,95,14
11,95,15
13,95,16
11,95,17
11,95,18
11,95,19
10,95,20
10,95,21
8,95,22
10,95,23
12,95,24
8,95,25
7,95,26
7,95,27
7,95,28
7,95,29
7,95,30
7,95,31
8,95,32
8,95,33
8,95,34
5,95,35
7,95,36
6,95,37
7,95,38
4,95,39
6,95,40
5,95,41
5,95,42
6,95,43
5,95,44
5,95,45
6,95,46
5,95,47
8,95,48
6,95,49
5,95,50
6,95,51
5,95,52
8,95,53
5,95,54
5,95,55
5,95,56
5,95,57
4,95,58
5,95,59
6,95,60
4,95,61
7,95,62
5,95,63
5,95,64
6,95,65
5,95,66
5,95,67
4,95,68
4,95,69
5,95,70
6,95,71
5,95,72
5,95,73
5,95,74
4,95,75
6,95,76
5,95,77
4,95,78
4,95,79
3,95,80
4,95,81
4,95,82
5,95,83
4,95,84
4,95,85
4,95,86
4,95,87
4,95,88
5,95,89
4,95,90
3,95,91
5,95,92
4,95,93
5,95,94
3,95,95
4,95,96
3,95,97
3,95,98
3,95,99
4,95,100
96,96,1
49,96,2
34,96,3
30,96,4
21,96,5
24,96,6
20,96,7
20,96,8
15,96,9
13,96,10
14,96,11
14,96,12
11,96,13
12,96,14
12,96,15
13,96,16
10,96,17
10,96,18
10,96,19
9,96,20
11,96,21
8,96,22
8,96,23
7,96,24
7,96,25
8,96,26
9,96,27
9,96,28
7,96,29
8,96,30
6,96,31
7,96,32
6,96,33
5,96,34
5,96,35
6,96,36
6,96,37
6,96,38
5,96,39
7,96,40
6,96,41
5,96,42
5,96,43
7,96,44
5,96,45
5,96,46
6,96,47
8,96,48
6,96,49
6,96,50
6,96,51
7,96,52
6,96,53
5,96,54
5,96,55
5,96,56
6,96,57
5,96,58
6,96,59
4,96,60
4,96,61
6,96,62
5,96,63
6,96,64
5,96,65
4,96,66
7,96,67
5,96,68
5,96,69
5,96,70
5,96,71
4,96,72
4,96,73
4,96,74
4,96,75
6,96,76
5,96,77
4,96,78
4,96,79
5,96,80
5,96,81
5,96,82
5,96,83
5,96,84
5,96,85
4,96,86
4,96,87
5,96,88
4,96,89
3,96,90
4,96,91
3,96,92
4,96,93
3,96,94
4,96,95
4,96,96
4,96,97
4,96,98
5,96,99
4,96,100
97,97,1
49,97,2
44,97,3
33,97,4
23,97,5
19,97,6
21,97,7
17,97,8
15,97,9
15,97,10
16,97,11
13,97,12
12,97,13
12,97,14
15,97,15
10,97,16
11,97,17
11,97,18
12,97,19
8,97,20
8,97,21
8,97,22
8,97,23
8,97,24
9,97,25
8,97,26
10,97,27
8,97,28
6,97,29
7,97,30
8,97,31
8,97,32
7,97,33
5,97,34
9,97,35
7,97,36
8,97,37
6,97,38
7,97,39
6,97,40
6,97,41
7,97,42
7,97,43
6,97,44
5,97,45
6,97,46
6,97,47
5,97,48
4,97,49
6,97,50
6,97,51
6,97,52
5,97,53
5,97,54
7,97,55
5,97,56
7,97,57
4,97,58
6,97,59
7,97,60
5,97,61
6,97,62
5,97,63
5,97,64
4,97,65
6,97,66
6,97,67
6,97,68
5,97,69
4,97,70
5,97,71
5,97,72
4,97,73
5,97,74
4,97,75
5,97,76
4,97,77
5,97,78
5,97,79
4,97,80
5,97,81
5,97,82
6,97,83
4,97,84
4,97,85
4,97,86
4,97,87
4,97,88
5,97,89
4,97,90
4,97,91
4,97,92
4,97,93
4,97,94
4,97,95
5,97,96
4,97,97
3,97,98
3,97,99
4,97,100
98,98,1
51,98,2
35,98,3
29,98,4
22,98,5
21,98,6
20,98,7
16,98,8
18,98,9
15,98,10
14,98,11
13,98,12
13,98,13
11,98,14
9,98,15
10,98,16
10,98,17
12,98,18
12,98,19
11,98,20
8,98,21
8,98,22
8,98,23
6,98,24
9,98,25
7,98,26
9,98,27
7,98,28
6,98,29
8,98,30
6,98,31
5,98,32
9,98,33
7,98,34
7,98,35
6,98,36
6,98,37
7,98,38
7,98,39
6,98,40
6,98,41
7,98,42
5,98,43
7,98,44
6,98,45
6,98,46
7,98,47
6,98,48
6,98,49
5,98,50
5,98,51
5,98,52
5,98,53
5,98,54
8,98,55
5,98,56
7,98,57
4,98,58
5,98,59
5,98,60
5,98,61
5,98,62
5,98,63
4,98,64
6,98,65
6,98,66
5,98,67
4,98,68
7,98,69
4,98,70
7,98,71
5,98,72
4,98,73
4,98,74
5,98,75
4,98,76
5,98,77
4,98,78
4,98,79
5,98,80
5,98,81
4,98,82
4,98,83
6,98,84
4,98,85
4,98,86
4,98,87
8,98,88
5,98,89
4,98,90
4,98,91
5,98,92
3,98,93
5,98,94
5,98,95
4,98,96
3,98,97
4,98,98
5,98,99
4,98,100
99,99,1
58,99,2
40,99,3
31,99,4
28,99,5
18,99,6
17,99,7
15,99,8
15,99,9
15,99,10
16,99,11
11,99,12
12,99,13
10,99,14
10,99,15
9,99,16
16,99,17
10,99,18
11,99,19
11,99,20
11,99,21
10,99,22
11,99,23
12,99,24
7,99,25
8,99,26
10,99,27
13,99,28
8,99,29
8,99,30
7,99,31
7,99,32
6,99,33
7,99,34
6,99,35
7,99,36
7,99,37
6,99,38
6,99,39
7,99,40
8,99,41
8,99,42
5,99,43
5,99,44
5,99,45
4,99,46
5,99,47
7,99,48
6,99,49
5,99,50
6,99,51
5,99,52
5,99,53
4,99,54
4,99,55
7,99,56
5,99,57
5,99,58
6,99,59
5,99,60
6,99,61
4,99,62
4,99,63
5,99,64
5,99,65
5,99,66
6,99,67
6,99,68
6,99,69
4,99,70
6,99,71
4,99,72
4,99,73
5,99,74
4,99,75
4,99,76
4,99,77
4,99,78
4,99,79
4,99,80
6,99,81
4,99,82
5,99,83
5,99,84
4,99,85
4,99,86
4,99,87
5,99,88
5,99,89
4,99,90
4,99,91
4,99,92
7,99,93
4,99,94
4,99,95
4,99,96
4,99,97
4,99,98
4,99,99
3,99,100
100,100,1
55,100,2
34,100,3
28,100,4
24,100,5
23,100,6
19,100,7
17,100,8
16,100,9
16,100,10
13,100,11
13,100,12
12,100,13
14,100,14
10,100,15
9,100,16
11,100,17
12,100,18
9,100,19
8,100,20
7,100,21
10,100,22
9,100,23
9,100,24
7,100,25
9,100,26
7,100,27
7,100,28
7,100,29
8,100,30
8,100,31
9,100,32
8,100,33
7,100,34
10,100,35
6,100,36
6,100,37
8,100,38
8,100,39
7,100,40
5,100,41
7,100,42
6,100,43
5,100,44
5,100,45
6,100,46
6,100,47
5,100,48
6,100,49
6,100,50
6,100,51
6,100,52
5,100,53
6,100,54
5,100,55
6,100,56
5,100,57
5,100,58
6,100,59
6,100,60
6,100,61
4,100,62
5,100,63
5,100,64
5,100,65
5,100,66
4,100,67
5,100,68
5,100,69
5,100,70
5,100,71
5,100,72
4,100,73
5,100,74
6,100,75
6,100,76
5,100,77
5,100,78
6,100,79
4,100,80
4,100,81
4,100,82
3,100,83
4,100,84
4,100,85
5,100,86
6,100,87
4,100,88
4,100,89
5,100,90
4,100,91
4,100,92
5,100,93
4,100,94
4,100,95
4,100,96
4,100,97
4,100,98
3,100,99
4,100,100
